守備,在籍年数帯,指標,実在n,生成n,実在平均,Phase2生成平均,Phase2差,Phase3A生成平均,Phase3A差
投手,1年目,球速,58,2290,155.5,148.8,-6.7,155.8,0.3
投手,1年目,コントロール,58,2290,47.9,52.7,4.8,48.83,0.93
投手,1年目,スタミナ,58,2290,54.0,52.39,-1.61,53.37,-0.63
投手,2-3年目,球速,45,1764,156.0,148.89,-7.11,156.31,0.31
投手,2-3年目,コントロール,45,1764,51.4,54.7,3.3,50.83,-0.57
投手,2-3年目,スタミナ,45,1764,54.64,53.83,-0.81,54.83,0.19
投手,4年以上,球速,24,946,156.58,149.55,-7.03,157.17,0.59
投手,4年以上,コントロール,24,946,54.75,57.43,2.68,53.45,-1.3
投手,4年以上,スタミナ,24,946,53.5,53.42,-0.08,54.42,0.92
野手,1年目,弾道,39,2181,2.9,3.0,0.1,3.14,0.24
野手,1年目,ミート,39,2181,43.74,51.74,8.0,45.06,1.32
野手,1年目,パワー,39,2181,69.74,64.8,-4.94,68.8,-0.94
野手,1年目,走力,39,2181,58.62,53.21,-5.41,55.51,-3.11
野手,1年目,肩力,39,2181,65.46,60.85,-4.61,67.7,2.24
野手,1年目,守備力,39,2181,46.0,55.14,9.14,46.27,0.27
野手,1年目,捕球,39,2181,45.21,55.11,9.9,45.73,0.52
野手,1年目,6能力合計,39,2181,328.77,340.85,12.08,329.07,0.3
野手,2-3年目,弾道,23,1426,2.96,3.08,0.12,3.24,0.28
野手,2-3年目,ミート,23,1426,44.43,53.41,8.98,46.99,2.56
野手,2-3年目,パワー,23,1426,68.52,66.54,-1.98,70.53,2.01
野手,2-3年目,走力,23,1426,55.26,52.37,-2.89,54.25,-1.01
野手,2-3年目,肩力,23,1426,69.22,61.02,-8.2,67.89,-1.33
野手,2-3年目,守備力,23,1426,47.13,57.56,10.43,48.42,1.29
野手,2-3年目,捕球,23,1426,45.91,57.88,11.97,48.18,2.27
野手,2-3年目,6能力合計,23,1426,330.48,348.79,18.31,336.26,5.78
野手,4年以上,弾道,23,1393,3.17,3.15,-0.02,3.28,0.11
野手,4年以上,ミート,23,1393,50.57,54.23,3.66,48.16,-2.41
野手,4年以上,パワー,23,1393,73.13,67.89,-5.24,71.93,-1.2
野手,4年以上,走力,23,1393,48.83,50.58,1.75,51.91,3.08
野手,4年以上,肩力,23,1393,69.52,59.12,-10.4,66.15,-3.37
野手,4年以上,守備力,23,1393,46.35,57.48,11.13,48.16,1.81
野手,4年以上,捕球,23,1393,48.09,58.66,10.57,48.76,0.67
野手,4年以上,6能力合計,23,1393,336.48,347.96,11.48,335.06,-1.42
