role,special,action,overall_before_pct,overall_after_pct,change_pt,focus
投手,キレ○,mild_increase,21.200000,20.580000,-0.620000,True
投手,クロスファイヤー,protect,4.340000,4.380000,0.040000,False
投手,ゴロピッチャー,protect,2.760000,2.740000,-0.020000,False
投手,ジャイロボール,protect,2.280000,2.280000,0.000000,False
投手,ストライク先行,protect,3.100000,3.120000,0.020000,False
投手,スロースターター,protect,5.580000,5.580000,0.000000,False
投手,テンポ○,protect,6.540000,6.540000,0.000000,False
投手,ナチュラルシュート,protect,7.080000,7.080000,0.000000,False
投手,フライボールピッチャー,protect,2.000000,2.000000,0.000000,False
投手,ボール先行,protect,4.360000,4.360000,0.000000,False
投手,ポーカーフェイス,protect,1.300000,1.320000,0.020000,False
投手,ムード×,protect,0.360000,0.340000,-0.020000,False
投手,ムード○,protect,1.580000,1.580000,0.000000,False
投手,リリース○,protect,25.500000,25.600000,0.100000,True
投手,一発,protect,4.120000,4.160000,0.040000,False
投手,乱調,protect,3.600000,3.600000,0.000000,False
投手,人気者,protect,2.920000,2.900000,-0.020000,False
投手,低め○,protect,8.700000,8.580000,-0.120000,True
投手,全開,protect,0.920000,0.960000,0.040000,False
投手,内角攻め,protect,13.380000,13.860000,0.480000,False
投手,力配分,protect,0.880000,0.880000,0.000000,False
投手,勝ち運,protect,1.540000,1.560000,0.020000,False
投手,四球,protect,21.780000,21.840000,0.060000,False
投手,回またぎ○,protect,5.280000,5.260000,-0.020000,False
投手,国際大会×,protect,0.780000,0.780000,0.000000,False
投手,国際大会○,protect,2.340000,2.340000,0.000000,False
投手,変化球中心,increase,7.400000,7.380000,-0.020000,True
投手,奪三振,protect,29.140000,29.280000,0.140000,True
投手,安全圏○,protect,7.100000,7.140000,0.040000,False
投手,寸前,protect,2.980000,2.980000,0.000000,False
投手,対ランナー,protect,4.660000,4.680000,0.020000,False
投手,対ランナー×,protect,3.620000,3.620000,0.000000,False
投手,対強打者○,protect,4.040000,4.020000,-0.020000,False
投手,尻上がり,protect,3.280000,3.280000,0.000000,False
投手,打球反応○,protect,5.800000,5.820000,0.020000,True
投手,投手存在感,protect,0.780000,0.780000,0.000000,False
投手,投手調子安定,protect,3.100000,3.120000,0.020000,False
投手,投手調子極端,protect,1.240000,1.240000,0.000000,False
投手,投打躍動,protect,0.600000,0.600000,0.000000,False
投手,投球位置右,protect,3.060000,3.060000,0.000000,False
投手,投球位置左,protect,2.760000,2.780000,0.020000,False
投手,抜け球,protect,17.640000,17.660000,0.020000,False
投手,根性,protect,5.240000,5.220000,-0.020000,False
投手,火消し,protect,3.020000,3.000000,-0.020000,False
投手,牽制○,protect,8.520000,8.500000,-0.020000,True
投手,球持ち○,protect,22.880000,22.760000,-0.120000,True
投手,球速安定,protect,25.760000,26.020000,0.260000,False
投手,真っスラ,protect,7.120000,7.160000,0.040000,False
投手,短気,protect,3.760000,3.760000,0.000000,False
投手,立ち上がり○,protect,7.300000,7.320000,0.020000,False
投手,緊急登板○,protect,3.840000,3.880000,0.040000,False
投手,緩急○,protect,17.460000,17.860000,0.400000,True
投手,荒れ球,protect,4.000000,4.060000,0.060000,False
投手,要所○,protect,3.560000,3.580000,0.020000,False
投手,負け運,protect,4.580000,4.600000,0.020000,False
投手,軽い球,protect,2.480000,2.480000,0.000000,False
投手,逃げ球,mild_increase,19.920000,18.940000,-0.980000,True
投手,速球中心,protect,7.420000,7.400000,-0.020000,False
投手,重い球,protect,5.920000,5.960000,0.040000,False
投手,闘志,protect,4.860000,4.900000,0.040000,False
野手,いぶし銀,protect,2.280000,2.240000,-0.040000,False
野手,かく乱,protect,2.600000,2.600000,0.000000,False
野手,ささやき破り,protect,2.140000,2.140000,0.000000,False
野手,アウトコースヒッター,protect,3.660000,3.660000,0.000000,False
野手,アベレージヒッター,protect,1.800000,1.780000,-0.020000,False
野手,インコースヒッター,protect,3.700000,3.700000,0.000000,False
野手,エラー,protect,6.900000,6.900000,0.000000,False
野手,カット打ち,protect,15.440000,15.500000,0.060000,False
野手,サヨナラ男,protect,16.460000,16.880000,0.420000,True
野手,ダメ押し,protect,2.020000,2.040000,0.020000,False
野手,チャンスメーカー,protect,2.200000,2.180000,-0.020000,False
野手,チームプレイ×,protect,4.160000,4.160000,0.000000,False
野手,チームプレイ○,protect,7.080000,7.100000,0.020000,False
野手,ハイボールヒッター,protect,3.560000,3.580000,0.020000,False
野手,バント○,increase,9.080000,10.260000,1.180000,True
野手,バント職人,protect,2.140000,2.140000,0.000000,True
野手,パワーヒッター,protect,2.340000,2.360000,0.020000,False
野手,フル出場,protect,11.600000,11.620000,0.020000,False
野手,フレーミング○,protect,0.500000,0.500000,0.000000,False
野手,フレーミング◎,protect,0.360000,0.360000,0.000000,False
野手,ブロッキング,protect,0.860000,0.860000,0.000000,False
野手,プルヒッター,protect,3.900000,3.940000,0.040000,False
野手,プレッシャーラン,protect,3.380000,3.360000,-0.020000,False
野手,ヘッドスライディング,protect,19.620000,19.640000,0.020000,False
野手,ホーム死守,protect,0.660000,0.700000,0.040000,False
野手,ホーム突入,protect,3.980000,3.980000,0.000000,False
野手,マルチ弾,protect,4.420000,4.400000,-0.020000,False
野手,ミート多用,protect,10.960000,10.960000,0.000000,False
野手,ムード○,protect,2.980000,3.000000,0.020000,False
野手,ラインドライブ,protect,3.880000,3.920000,0.040000,False
野手,リベンジ,protect,2.380000,2.360000,-0.020000,False
野手,レーザービーム,protect,1.280000,1.300000,0.020000,False
野手,ローボールヒッター,protect,2.140000,2.120000,-0.020000,False
野手,三振,flatten,38.620000,38.380000,-0.240000,True
野手,人気者,protect,5.160000,5.160000,0.000000,False
野手,代打○,protect,2.520000,2.500000,-0.020000,False
野手,併殺,protect,22.980000,23.160000,0.180000,True
野手,内野安打○,protect,18.520000,18.420000,-0.100000,False
野手,初球○,protect,6.480000,6.300000,-0.180000,False
野手,固め打ち,protect,28.540000,28.480000,-0.060000,True
野手,国際大会×,protect,0.020000,0.020000,0.000000,False
野手,国際大会○,protect,4.640000,4.680000,0.040000,False
野手,守備職人,protect,2.000000,2.000000,0.000000,False
野手,対エース○,protect,1.840000,1.840000,0.000000,False
野手,対ストレート○,protect,5.780000,5.880000,0.100000,False
野手,対変化球○,protect,3.180000,3.200000,0.020000,False
野手,帳尻合わせ,protect,2.400000,2.400000,0.000000,False
野手,広角打法,protect,3.920000,3.920000,0.000000,False
野手,強振多用,protect,10.700000,10.720000,0.020000,False
野手,悪球打ち,protect,1.060000,1.060000,0.000000,False
野手,意外性,protect,3.860000,3.860000,0.000000,False
野手,慎重打法,protect,10.460000,10.480000,0.020000,False
野手,慎重盗塁,protect,10.420000,10.380000,-0.040000,False
野手,死球集中,protect,1.020000,1.020000,0.000000,False
野手,決勝打,protect,22.640000,22.520000,-0.120000,True
野手,流し打ち,protect,12.800000,12.780000,-0.020000,False
野手,満塁男,flatten,16.800000,15.180000,-1.620000,True
野手,積極守備,increase,10.280000,10.440000,0.160000,True
野手,積極打法,protect,10.800000,10.820000,0.020000,False
野手,積極盗塁,protect,11.220000,11.220000,0.000000,False
野手,積極走塁,protect,11.620000,11.640000,0.020000,False
野手,窮地○,protect,3.740000,3.720000,-0.020000,False
野手,粘り打ち,protect,4.880000,4.960000,0.080000,False
野手,逆境○,protect,6.180000,6.160000,-0.020000,False
野手,選球眼,increase,8.100000,8.420000,0.320000,True
野手,野手存在感,protect,1.420000,1.400000,-0.020000,False
野手,野手調子安定,protect,7.880000,7.900000,0.020000,False
野手,野手調子極端,protect,2.380000,2.380000,0.000000,False
野手,高速チャージ,protect,0.880000,0.880000,0.000000,False
