id,種類,値(数値),生成側誤差
check_age_profile.individual.fielder.n_green.age_corr,実在,0.2927949136,0.01180490834
check_age_profile.individual.fielder.n_green.band21,実在,0.6558704453,0.03120372124
check_age_profile.individual.fielder.n_green.band30,実在,1.532484076,0.0418538542
check_age_profile.individual.fielder.n_green.band34,実在,1.588486141,0.05019925953
check_age_profile.individual.fielder.n_neg.band21,実在,0.3987854251,0.02502047785
check_age_profile.individual.fielder.n_neg.band34,実在,0.9786780384,0.03961714038
check_age_profile.individual.fielder.n_pos.age_corr,実在,0.4113352255,0.01037593417
check_age_profile.individual.fielder.n_pos.band_diff_max,実在,0.1378464819,0.06053983578
check_age_profile.individual.fielder.rk_a,実在,0.02118737586,0.002325738536
check_age_profile.individual.fielder.rk_g,実在,0.01059368793,0.001509554045
check_age_profile.individual.fielder.rk_hi.band21,実在,0.1072874494,0.01273182268
check_age_profile.individual.fielder.rk_hi.band30,実在,0.6573248408,0.03171739503
check_age_profile.individual.fielder.rk_pts.age_corr,実在,0.2484633318,0.01289066008
check_age_profile.individual.fielder.rk_pts.band_diff_max,実在,0.9057324841,0.2727333177
check_age_profile.individual.fielder.rk_pts.sd_band21,実在,5.944410826,0.1617632842
check_age_profile.individual.fielder.rk_pts.sd_old_max,実在,7.870895352,0.1443680591
check_age_profile.individual.fielder.rk_pts.sd_old_min,実在,7.784775991,0.170560543
check_age_profile.individual.fielder.young.20〜21.arm.mean,実在,66.13340281,0.2216034644
check_age_profile.individual.fielder.young.20〜21.arm.sd,実在,10.00911599,0.1775618851
check_age_profile.individual.fielder.young.20〜21.catch.mean,実在,38.29442418,0.2038830629
check_age_profile.individual.fielder.young.20〜21.catch.sd,実在,9.228832567,0.2080502773
check_age_profile.individual.fielder.young.20〜21.catcher_catch_gap,設計,4.961423796,0.3905192502
check_age_profile.individual.fielder.young.20〜21.class_order,設計,25.4390864,1.794381691
check_age_profile.individual.fielder.young.20〜21.contact.mean,実在,34.1980198,0.2044091191
check_age_profile.individual.fielder.young.20〜21.contact.sd,実在,9.278080071,0.1250399509
check_age_profile.individual.fielder.young.20〜21.field.mean,実在,40.70140698,0.2065486052
check_age_profile.individual.fielder.young.20〜21.field.sd,実在,8.891827808,0.1678035701
check_age_profile.individual.fielder.young.20〜21.power.mean,実在,47.69098489,0.2161537967
check_age_profile.individual.fielder.young.20〜21.power.sd,実在,9.786185333,0.1391708652
check_age_profile.individual.fielder.young.20〜21.run.mean,実在,60.95726941,0.2771488308
check_age_profile.individual.fielder.young.20〜21.run.sd,実在,13.52972428,0.2224063407
check_age_profile.individual.fielder.young.20〜21.run_order,設計,15.4885132,1.079680156
check_age_profile.individual.fielder.young.〜19.arm.mean,実在,66.62252964,0.2904927458
check_age_profile.individual.fielder.young.〜19.arm.sd,実在,8.873091738,0.2065576921
check_age_profile.individual.fielder.young.〜19.catch.mean,実在,36.54051383,0.2395456735
check_age_profile.individual.fielder.young.〜19.catch.sd,実在,7.799625833,0.2463645066
check_age_profile.individual.fielder.young.〜19.catcher_catch_gap,設計,4.481310729,0.4376949335
check_age_profile.individual.fielder.young.〜19.class_order,設計,20.2898698,2.595384884
check_age_profile.individual.fielder.young.〜19.contact.mean,実在,30.4743083,0.2173393607
check_age_profile.individual.fielder.young.〜19.contact.sd,実在,7.460302591,0.1560274129
check_age_profile.individual.fielder.young.〜19.field.mean,実在,37.43083004,0.226683703
check_age_profile.individual.fielder.young.〜19.field.sd,実在,7.459893298,0.1613444144
check_age_profile.individual.fielder.young.〜19.power.mean,実在,43.76185771,0.3082923711
check_age_profile.individual.fielder.young.〜19.power.sd,実在,9.986222344,0.1838572318
check_age_profile.individual.fielder.young.〜19.run.mean,実在,60.6798419,0.3582068049
check_age_profile.individual.fielder.young.〜19.run.sd,実在,11.94565127,0.2710831555
check_age_profile.individual.fielder.young.〜19.run_order,設計,14.68602212,1.443768453
check_age_profile.individual.fielder.young.〜19.traj.mean,実在,2.497035573,0.01872193054
check_age_profile.individual.pitcher.n_green.age_corr,実在,0.2784392136,0.01526540892
check_age_profile.individual.pitcher.n_green.band34,実在,0.7142857143,0.03027342733
check_age_profile.individual.pitcher.n_pos.age_corr,実在,0.3905934176,0.01251101457
check_age_profile.individual.pitcher.n_pos.band_diff_max,実在,0.1280254777,0.05322485142
check_age_profile.individual.pitcher.rk_a,実在,0.01544912823,0.001788851863
check_age_profile.individual.pitcher.rk_g,実在,0.01566983006,0.001735785573
check_age_profile.individual.pitcher.rk_hi.band21,実在,0.07085020243,0.01116107303
check_age_profile.individual.pitcher.rk_hi.band30,実在,0.6866242038,0.02685921488
check_age_profile.individual.pitcher.rk_pts.age_corr,実在,0.2772343713,0.01301724637
check_age_profile.individual.pitcher.rk_pts.band_diff_max,実在,0.8305732484,0.2343901283
check_age_profile.individual.pitcher.rk_pts.sd_band21,実在,6.333419164,0.1884445938
check_age_profile.individual.pitcher.rk_pts.sd_old_max,実在,8.871594363,0.193065734
check_age_profile.individual.pitcher.rk_pts.sd_old_min,実在,8.64548154,0.1761006289
check_age_profile.individual.pitcher.young.20〜21.class_order,設計,15.79196767,4.604223413
check_age_profile.individual.pitcher.young.20〜21.control.mean,実在,44.18968213,0.2489778517
check_age_profile.individual.pitcher.young.20〜21.control.sd,実在,10.12000352,0.1395833509
check_age_profile.individual.pitcher.young.20〜21.speed.mean,実在,151.3001563,0.075219295
check_age_profile.individual.pitcher.young.20〜21.speed.sd,実在,3.250018846,0.051908402
check_age_profile.individual.pitcher.young.20〜21.stamina.mean,実在,44.7357999,0.1775070858
check_age_profile.individual.pitcher.young.20〜21.stamina.sd,実在,7.992470732,0.1335673873
check_age_profile.individual.pitcher.young.〜19.class_order,設計,24.15485061,1.913566466
check_age_profile.individual.pitcher.young.〜19.control.mean,実在,40.88043478,0.2784187194
check_age_profile.individual.pitcher.young.〜19.control.sd,実在,9.191475247,0.1866915255
check_age_profile.individual.pitcher.young.〜19.mvmax.mean,実在,2.694664032,0.01443263277
check_age_profile.individual.pitcher.young.〜19.mvmax.sd,実在,0.4629189479,0.006291651334
check_age_profile.individual.pitcher.young.〜19.mvmax4_share,実在,0,0
check_age_profile.individual.pitcher.young.〜19.mvsum.mean,実在,4.535573123,0.02790528467
check_age_profile.individual.pitcher.young.〜19.mvsum.sd,実在,0.853061843,0.01979463295
check_age_profile.individual.pitcher.young.〜19.speed.mean,実在,150.6462451,0.1041684166
check_age_profile.individual.pitcher.young.〜19.speed.sd,実在,3.272242722,0.06472463928
check_age_profile.individual.pitcher.young.〜19.stamina.mean,実在,39.93675889,0.1989159279
check_age_profile.individual.pitcher.young.〜19.stamina.sd,実在,6.288635486,0.12660408
check_age_profile.team.fielder.n_green.age_corr,実在,0.3082696034,0.007231330495
check_age_profile.team.fielder.n_green.band21,実在,0.6324412889,0.01638346454
check_age_profile.team.fielder.n_green.band30,実在,1.553294574,0.02190636498
check_age_profile.team.fielder.n_green.band34,実在,1.680726801,0.02804190022
check_age_profile.team.fielder.n_neg.band21,実在,0.4341889678,0.01378987385
check_age_profile.team.fielder.n_neg.band34,実在,0.9396495782,0.02147227682
check_age_profile.team.fielder.n_pos.age_corr,実在,0.4179635639,0.006142333173
check_age_profile.team.fielder.n_pos.band_diff_max,実在,0.1281976744,0.03171839322
check_age_profile.team.fielder.rk_a,実在,0.01631565263,0.00111521188
check_age_profile.team.fielder.rk_g,実在,0.01098543942,0.0008575128197
check_age_profile.team.fielder.rk_hi.band21,実在,0.1004915347,0.00715935695
check_age_profile.team.fielder.rk_hi.band30,実在,0.6613372093,0.01482206414
check_age_profile.team.fielder.rk_pts.age_corr,実在,0.2593261192,0.005996297166
check_age_profile.team.fielder.rk_pts.band_diff_max,実在,1.840116279,0.1737312366
check_age_profile.team.fielder.rk_pts.sd_band21,実在,5.98249923,0.1062640365
check_age_profile.team.fielder.rk_pts.sd_old_max,実在,8.022847838,0.1123705069
check_age_profile.team.fielder.rk_pts.sd_old_min,実在,7.743402492,0.09709197047
check_age_profile.team.fielder.young.20〜21.arm.mean,実在,66.42495922,0.2895413823
check_age_profile.team.fielder.young.20〜21.arm.sd,実在,10.22224849,0.2213177031
check_age_profile.team.fielder.young.20〜21.catch.mean,実在,39.32137031,0.2257159257
check_age_profile.team.fielder.young.20〜21.catch.sd,実在,8.733579583,0.2102614142
check_age_profile.team.fielder.young.20〜21.catcher_catch_gap,設計,4.104662698,0.483730185
check_age_profile.team.fielder.young.20〜21.class_order,設計,26.39542484,3.065253342
check_age_profile.team.fielder.young.20〜21.contact.mean,実在,34.12153344,0.2454837323
check_age_profile.team.fielder.young.20〜21.contact.sd,実在,9.460417712,0.1790031489
check_age_profile.team.fielder.young.20〜21.field.mean,実在,41.67618271,0.2421215448
check_age_profile.team.fielder.young.20〜21.field.sd,実在,8.837325504,0.2008987431
check_age_profile.team.fielder.young.20〜21.power.mean,実在,47.76182708,0.2759726369
check_age_profile.team.fielder.young.20〜21.power.sd,実在,9.53491772,0.1769155355
check_age_profile.team.fielder.young.20〜21.run.mean,実在,61.35399674,0.3782237914
check_age_profile.team.fielder.young.20〜21.run.sd,実在,13.76189253,0.2681317187
check_age_profile.team.fielder.young.20〜21.run_order,設計,16.21801986,1.284407879
check_age_profile.team.fielder.young.〜19.arm.mean,実在,66.79008264,0.3922998736
check_age_profile.team.fielder.young.〜19.arm.sd,実在,8.464411326,0.2272741035
check_age_profile.team.fielder.young.〜19.catch.mean,実在,36.92231405,0.2745706429
check_age_profile.team.fielder.young.〜19.catch.sd,実在,7.344339258,0.31240572
check_age_profile.team.fielder.young.〜19.catcher_catch_gap,設計,3.855724172,0.5953086231
check_age_profile.team.fielder.young.〜19.class_order,設計,19.75209948,6.754201105
check_age_profile.team.fielder.young.〜19.contact.mean,実在,30.21157025,0.2539302169
check_age_profile.team.fielder.young.〜19.contact.sd,実在,7.443709177,0.1922530842
check_age_profile.team.fielder.young.〜19.field.mean,実在,38.11404959,0.2878703928
check_age_profile.team.fielder.young.〜19.field.sd,実在,7.150826676,0.2337580446
check_age_profile.team.fielder.young.〜19.power.mean,実在,43.52231405,0.3822483135
check_age_profile.team.fielder.young.〜19.power.sd,実在,9.816102864,0.2725737719
check_age_profile.team.fielder.young.〜19.run.mean,実在,60.50909091,0.4680283505
check_age_profile.team.fielder.young.〜19.run.sd,実在,11.85083896,0.2869768957
check_age_profile.team.fielder.young.〜19.run_order,設計,15.7837535,1.581488352
check_age_profile.team.fielder.young.〜19.traj.mean,実在,2.476033058,0.02387385862
check_age_profile.team.pitcher.n_green.age_corr,実在,0.2612784328,0.007994344705
check_age_profile.team.pitcher.n_green.band34,実在,0.7268007787,0.01542962908
check_age_profile.team.pitcher.n_pos.age_corr,実在,0.4015004718,0.006234736123
check_age_profile.team.pitcher.n_pos.band_diff_max,実在,0.250610558,0.02443492577
check_age_profile.team.pitcher.rk_a,実在,0.01567756268,0.0008848290554
check_age_profile.team.pitcher.rk_g,実在,0.0152967312,0.001111832256
check_age_profile.team.pitcher.rk_hi.band21,実在,0.08275862069,0.006501281646
check_age_profile.team.pitcher.rk_hi.band30,実在,0.73855913,0.016174224
check_age_profile.team.pitcher.rk_pts.age_corr,実在,0.278810885,0.007000106197
check_age_profile.team.pitcher.rk_pts.band_diff_max,実在,1.208608971,0.185270667
check_age_profile.team.pitcher.rk_pts.sd_band21,実在,6.31729972,0.1258133256
check_age_profile.team.pitcher.rk_pts.sd_old_max,実在,8.943380794,0.1070009026
check_age_profile.team.pitcher.rk_pts.sd_old_min,実在,8.725565418,0.07524854222
check_age_profile.team.pitcher.young.20〜21.class_order,設計,24.16548734,3.413498958
check_age_profile.team.pitcher.young.20〜21.control.mean,実在,45.00312012,0.2948737696
check_age_profile.team.pitcher.young.20〜21.control.sd,実在,10.44333386,0.1735949208
check_age_profile.team.pitcher.young.20〜21.speed.mean,実在,151.4235569,0.09533001656
check_age_profile.team.pitcher.young.20〜21.speed.sd,実在,3.260365513,0.0716280021
check_age_profile.team.pitcher.young.20〜21.stamina.mean,実在,45.86817473,0.2281362123
check_age_profile.team.pitcher.young.20〜21.stamina.sd,実在,7.996716809,0.1580689848
check_age_profile.team.pitcher.young.〜19.class_order,設計,23.60531727,2.60067935
check_age_profile.team.pitcher.young.〜19.control.mean,実在,42.4145937,0.3305296978
check_age_profile.team.pitcher.young.〜19.control.sd,実在,9.431722782,0.1919566153
check_age_profile.team.pitcher.young.〜19.mvmax.mean,実在,2.698175788,0.0173529004
check_age_profile.team.pitcher.young.〜19.mvmax.sd,実在,0.4666057428,0.00899404115
check_age_profile.team.pitcher.young.〜19.mvmax4_share,実在,0,0
check_age_profile.team.pitcher.young.〜19.mvsum.mean,実在,4.543946932,0.03194853777
check_age_profile.team.pitcher.young.〜19.mvsum.sd,実在,0.8564639953,0.0273687594
check_age_profile.team.pitcher.young.〜19.speed.mean,実在,150.4610282,0.1186695739
check_age_profile.team.pitcher.young.〜19.speed.sd,実在,3.291445209,0.08754533139
check_age_profile.team.pitcher.young.〜19.stamina.mean,実在,41.39137645,0.2221554538
check_age_profile.team.pitcher.young.〜19.stamina.sd,実在,6.182661852,0.1494015071
check_draft_balance.幅（標準偏差、実在の0.8〜1.5倍）.投手 大卒・社会人 コントロール,実在,10.52859946,0.1509718137
check_draft_balance.幅（標準偏差、実在の0.8〜1.5倍）.投手 大卒・社会人 スタミナ,実在,7.35719905,0.08861966985
check_draft_balance.幅（標準偏差、実在の0.8〜1.5倍）.投手 大卒・社会人 球速,実在,3.352414108,0.03739902063
check_draft_balance.幅（標準偏差、実在の0.8〜1.5倍）.投手 高卒 コントロール,実在,8.906252978,0.109363637
check_draft_balance.幅（標準偏差、実在の0.8〜1.5倍）.投手 高卒 スタミナ,実在,6.074012521,0.09151456367
check_draft_balance.幅（標準偏差、実在の0.8〜1.5倍）.投手 高卒 球速,実在,2.729815006,0.03673798432
check_draft_balance.幅（標準偏差、実在の0.8〜1.5倍）.野手 大卒・社会人 パワー,実在,10.27937362,0.1298646435
check_draft_balance.幅（標準偏差、実在の0.8〜1.5倍）.野手 大卒・社会人 ミート,実在,8.323308512,0.1209059032
check_draft_balance.幅（標準偏差、実在の0.8〜1.5倍）.野手 大卒・社会人 守備力,実在,9.238126622,0.1359417847
check_draft_balance.幅（標準偏差、実在の0.8〜1.5倍）.野手 大卒・社会人 肩力,実在,11.0197571,0.170623099
check_draft_balance.幅（標準偏差、実在の0.8〜1.5倍）.野手 大卒・社会人 走力,実在,13.02253411,0.1882502315
check_draft_balance.幅（標準偏差、実在の0.8〜1.5倍）.野手 肩力50未満（全体）,実在,0.05801036781,0.003672288674
check_draft_balance.幅（標準偏差、実在の0.8〜1.5倍）.野手 走力45未満（全体）,実在,0.06566279931,0.003442056089
check_draft_balance.幅（標準偏差、実在の0.8〜1.5倍）.野手 高卒 パワー,実在,10.00890931,0.1528791515
check_draft_balance.幅（標準偏差、実在の0.8〜1.5倍）.野手 高卒 ミート,実在,7.620282055,0.1396130819
check_draft_balance.幅（標準偏差、実在の0.8〜1.5倍）.野手 高卒 守備力,実在,9.892738634,0.1770425129
check_draft_balance.幅（標準偏差、実在の0.8〜1.5倍）.野手 高卒 肩力,実在,9.044019045,0.1748949072
check_draft_balance.幅（標準偏差、実在の0.8〜1.5倍）.野手 高卒 走力,実在,12.20133836,0.2317490789
check_draft_balance.投手_コントロール・スタミナ.コントロール20未満（全体）,実在,0.000493705258,0.0003412564755
check_draft_balance.投手_コントロール・スタミナ.大卒・社会人 スタミナ65以上,実在,0.01262967975,0.002327001851
check_draft_balance.投手_コントロール・スタミナ.大卒・社会人 スタミナ最大,実在,67,0.1710152951
check_draft_balance.投手_コントロール・スタミナ.高卒 コントロール平均,実在,41.53948288,0.2390231483
check_draft_balance.投手_コントロール・スタミナ.高卒 スタミナ10%タイル,実在,31,0.3619569229
check_draft_balance.投手_コントロール・スタミナ.高卒 スタミナ90%タイル,実在,48,0
check_draft_balance.投手_コントロール・スタミナ.高卒 スタミナ最大,実在,53,0.5439248766
check_draft_balance.投手_変化球.2球種（全体）,実在,0.2932609232,0.00729986241
check_draft_balance.投手_変化球.4球種以上,設計,0,0
check_draft_balance.投手_変化球.大卒・社会人 最大変化量4以上,実在,0.2192151556,0.008786746937
check_draft_balance.投手_変化球.大卒・社会人 最大変化量5以上,実在,0.03382949932,0.003731678198
check_draft_balance.投手_変化球.大卒・社会人 総変化量平均,実在,6.136671177,0.02790173758
check_draft_balance.投手_変化球.高卒 3球種,実在,0.6023759609,0.01276492807
check_draft_balance.投手_変化球.高卒 最大変化量4以上,実在,0,0
check_draft_balance.投手_特殊能力.大卒・社会人 通常特能の数,実在,3.025710419,0.03133915915
check_draft_balance.投手_特殊能力.高卒 通常特能の数,実在,2.209643606,0.03336314126
check_draft_balance.投手_球速.158以上（全体）,実在,0.02715378919,0.002670437431
check_draft_balance.投手_球速.大卒 144以下,実在,0,0
check_draft_balance.投手_球速.大卒 平均,実在,152.3355422,0.07776131831
check_draft_balance.投手_球速.社会人 144以下,実在,0.003590664273,0.002513851516
check_draft_balance.投手_球速.社会人 平均,実在,151.6660682,0.1506093982
check_draft_balance.投手_球速.高卒 144以下,実在,0.005590496157,0.001815070817
check_draft_balance.投手_球速.高卒 平均,実在,149.8581412,0.07416934929
check_draft_balance.投打・年齢.両打ち（全体）,実在,0.008886694643,0.001128922888
check_draft_balance.投打・年齢.大卒 年齢平均,実在,21.81566265,0.009090081149
check_draft_balance.投打・年齢.左投げのうち左打ち,実在,0.9899396378,0.002730922712
check_draft_balance.投打・年齢.左投右打,実在,0.001851394717,0.0005054730913
check_draft_balance.投打・年齢.投手の左投げ,実在,0.2996790916,0.006578073132
check_draft_balance.投打・年齢.社会人 年齢平均,実在,23.93895871,0.03440735271
check_draft_balance.投打・年齢.野手の左投げ,実在,0.06837817823,0.004013048629
check_draft_balance.投打・年齢.高卒 年齢平均,実在,18.0524109,0.006005457305
check_draft_balance.野手_基本能力.パワー80以上（全体）,実在,0,0
check_draft_balance.野手_基本能力.ミート70以上（全体）,実在,0,0
check_draft_balance.野手_基本能力.大卒 ミート平均,実在,37.74638554,0.2172045823
check_draft_balance.野手_基本能力.大卒・社会人 肩力平均,実在,63.81371222,0.2559741653
check_draft_balance.野手_基本能力.大卒・社会人 走力平均,実在,67.25710419,0.2667220083
check_draft_balance.野手_基本能力.社会人 ミート平均,実在,39.29802513,0.2916725749
check_draft_balance.野手_基本能力.高卒 ミート平均,実在,30.53249476,0.2126864272
check_draft_balance.野手_基本能力.高卒 守備力平均,実在,37.77847659,0.2453925122
check_draft_balance.野手_基本能力.高卒 肩力平均,実在,67.19636618,0.2391165272
check_draft_balance.野手_基本能力.高卒 走力平均,実在,60.70789658,0.3169310036
check_draft_balance.野手_守備位置.サブポジ平均,実在,1.056776105,0.01283985428
check_draft_balance.野手_守備位置.一塁手の割合,実在,0.06615650457,0.00393104754
check_draft_balance.野手_守備位置.外野手 走力平均,実在,70.3626108,0.3091762086
check_draft_balance.野手_守備位置.捕手 肩力平均,実在,74.46690519,0.3928839671
check_draft_balance.野手_守備位置.遊撃手の割合,実在,0.2624043446,0.00694118047
check_draft_balance.野手_弾道.弾道1,実在,0.004196494693,0.0009969553598
check_draft_balance.野手_弾道.弾道3以上,実在,0.495680079,0.008007555374
check_draft_balance.野手_弾道.高卒 弾道平均,実在,2.557651992,0.01703808485
check_draft_balance.野手_特殊能力.エラー,実在,0.04270550481,0.002919710997
check_draft_balance.野手_特殊能力.併殺,実在,0.03357195754,0.002775113431
check_draft_balance.野手_特殊能力.大卒・社会人 通常特能の数,実在,1.720793866,0.02611389954
check_draft_balance.野手_特殊能力.高卒 通常特能の数,実在,1.06219427,0.02782302555
check_fictional_balance.common.entry.入団経路「その他」,実在,0.01302140808,0.001118499358
check_fictional_balance.common.entry.年齢−プロ年数が25以上,実在,0.02118737586,0.001443127667
check_fictional_balance.fielder.ability.パワー70以上,実在,0.06996248069,0.003819215656
check_fictional_balance.fielder.ability.ミート×パワー相関,実在,0.3554076171,0.0128648169
check_fictional_balance.fielder.ability.守備力70以上,実在,0.07084528802,0.004089855144
check_fictional_balance.fielder.ability.弾道1,実在,0.01258000441,0.001533772208
check_fictional_balance.fielder.ability.弾道×パワー相関,実在,0.7172295818,0.0066893669
check_fictional_balance.fielder.ability.肩力80以上,実在,0.09997792982,0.004158864389
check_fictional_balance.fielder.ability.走力80以上,実在,0.1487530347,0.005121931951
check_fictional_balance.fielder.batting.両打,実在,0.0145663209,0.001804793994
check_fictional_balance.fielder.batting.二塁手・遊撃手の左打ち,実在,0.5699356913,0.0134759371
check_fictional_balance.fielder.batting.右投左打,実在,0.4113882145,0.007282433731
check_fictional_balance.fielder.batting.左投右打,設計,0,0
check_fictional_balance.fielder.ranked.ランクAを1つ以上,実在,0.02118737586,0.002099597345
check_fictional_balance.fielder.ranked.ランクGを1つ以上,実在,0.01059368793,0.00160267774
check_fictional_balance.fielder.ranked.盗塁良い(A〜C),実在,0.200838667,0.006115061468
check_fictional_balance.fielder.ranked.走塁悪い(E〜G),実在,0.05914809093,0.003458743388
check_fictional_balance.fielder.special.フル出場,実在,0,0
check_fictional_balance.fielder.special.三振（ミート30以下）,実在,0.323699422,0.01548809245
check_fictional_balance.fielder.special.三振（ミート51以上）,実在,0.1842818428,0.01473660294
check_fictional_balance.fielder.special.実在にない特能（1人あたり）,設計,0,0
check_fictional_balance.fielder.special.死球集中,実在,0.08916354006,0.004417678932
check_fictional_balance.fielder.special.積極盗塁（走力81以上）,実在,0.4431438127,0.02077816831
check_fictional_balance.fielder.special.調子安定,実在,0.003531229309,0.0009532781738
check_fictional_balance.fielder.subpos.サブポジ3つ以上,実在,0.2301920106,0.005664619364
check_fictional_balance.fielder.subpos.サブポジ適性 ○,実在,0.2239143546,0.005102056834
check_fictional_balance.fielder.subpos.サブポジ適性 ◎,実在,0.3498190591,0.005837435129
check_fictional_balance.fielder.subpos.内野手（二・三・遊）の平均,実在,2.553452116,0.02152970842
check_fictional_balance.fielder.subpos.遊撃手のサブポジ二塁手,実在,0.9050715215,0.01027919739
check_fictional_balance.pitcher.ability.コントロール20未満,実在,0,0
check_fictional_balance.pitcher.ability.コントロール×スタミナ相関,実在,0.4799691136,0.01144615742
check_fictional_balance.pitcher.ability.球速145以下,実在,0.06996248069,0.003801914049
check_fictional_balance.pitcher.ability.球速162以上,実在,0.001544912823,0.0005711482589
check_fictional_balance.pitcher.ability.球速×コントロール相関,実在,-0.2738118712,0.01598196319
check_fictional_balance.pitcher.batting.両打,実在,0.007503862282,0.001358488157
check_fictional_balance.pitcher.batting.左投げのうち左打ち,実在,0.9816700611,0.003284145916
check_fictional_balance.pitcher.batting.左投右打,実在,0.005958949459,0.001079055844
check_fictional_balance.pitcher.breaking.チェンジアップ系（右投手）,実在,0.1291693918,0.006192108623
check_fictional_balance.pitcher.breaking.チェンジアップ系（左投手）,実在,0.5050916497,0.01306704359
check_fictional_balance.pitcher.breaking.右投手のスクリュー,設計,0,0
check_fictional_balance.pitcher.breaking.左投手のシンカー・Hシンカー,設計,0,0
check_fictional_balance.pitcher.closer.先発だけ◎,実在,0.2312955198,0.006150917014
check_fictional_balance.pitcher.closer.先発・中継ぎの両方が◎,実在,0.2957404546,0.007050181719
check_fictional_balance.pitcher.closer.抑えの最大変化量平均,実在,4.661016949,0.05412701408
check_fictional_balance.pitcher.closer.抑えの球速平均,実在,153.8361582,0.2943111421
check_fictional_balance.pitcher.control_hand.先発・右 平均,実在,53.4379845,0.3235233129
check_fictional_balance.pitcher.control_hand.先発・左 平均,実在,54.44993141,0.4916353055
check_fictional_balance.pitcher.control_hand.救援で60以上,実在,0.1366459627,0.007095865444
check_fictional_balance.pitcher.control_hand.救援・右 平均,実在,47.51456954,0.2750200327
check_fictional_balance.pitcher.control_hand.救援・左 平均,実在,46.31586022,0.3878128535
check_fictional_balance.pitcher.form.オーバースロー,実在,0.4363275215,0.0078771335
check_fictional_balance.pitcher.form.スリークォーター,実在,0.4983447363,0.007820096389
check_fictional_balance.pitcher.ranked.ランクAを1つ以上,実在,0.01544912823,0.001873499892
check_fictional_balance.pitcher.ranked.ランクGを1つ以上,実在,0.01566983006,0.001779690328
check_fictional_balance.pitcher.ranked.送球悪い(E〜G),実在,0.4531008607,0.00730067388
check_fictional_balance.pitcher.ranked.送球良い(A〜C),実在,0.07879055396,0.004116721767
check_fictional_balance.pitcher.reliever_stamina.コントロール×スタミナ相関 救援,実在,0.2116798071,0.01946890291
check_fictional_balance.pitcher.special.四球（制球40以下）,実在,0.5843317972,0.0142717213
check_fictional_balance.pitcher.special.四球（制球61以上）,実在,0.1294964029,0.009982098542
check_fictional_balance.pitcher.special.奪三振（球速147以下）,実在,0.0747051114,0.009065248575
check_fictional_balance.pitcher.special.実在にない特能（1人あたり）,設計,0,0
check_fictional_balance.pitcher.special.火消し,実在,0.002648421982,0.0007780243939
check_fictional_balance.pitcher.special.荒れ球（制球40以下）,実在,0.2368663594,0.01238626864
check_fictional_balance.pitcher.special.調子極端,実在,0.08298388877,0.003941814187
check_fictional_balance.pitcher.speed_hand.先発・右 平均,実在,151.5943152,0.1152348972
check_fictional_balance.pitcher.speed_hand.先発・右 標準偏差,実在,4.043175995,0.09835929996
check_fictional_balance.pitcher.speed_hand.先発・左 平均,実在,148.7379973,0.1159390611
check_fictional_balance.pitcher.speed_hand.先発・左 標準偏差,実在,3.137629967,0.1011693767
check_fictional_balance.pitcher.speed_hand.右投手の10%,実在,147,0.3319971544
check_fictional_balance.pitcher.speed_hand.右投手の90%,実在,157,0.3841639097
check_fictional_balance.pitcher.speed_hand.右投手の中央,実在,153,0
check_fictional_balance.pitcher.speed_hand.左右差（左−右） 先発,実在,-2.856317989,0.1732001014
check_fictional_balance.pitcher.speed_hand.左右差（左−右） 救援,実在,-3.071879228,0.1571730588
check_fictional_balance.pitcher.speed_hand.左投手で155以上,実在,0.02919212492,0.004803811246
check_fictional_balance.pitcher.speed_hand.左投手の10%,実在,145,0
check_fictional_balance.pitcher.speed_hand.左投手の90%,実在,153,0.2207655707
check_fictional_balance.pitcher.speed_hand.左投手の中央,実在,150,0
check_fictional_balance.pitcher.speed_hand.救援−先発 右,実在,1.407671509,0.1483864522
check_fictional_balance.pitcher.speed_hand.救援−先発 左,実在,1.19211027,0.167826811
check_fictional_balance.pitcher.speed_hand.救援・右 平均,実在,153.0019868,0.0955306139
check_fictional_balance.pitcher.speed_hand.救援・右 標準偏差,実在,3.484224986,0.05105853272
check_fictional_balance.pitcher.speed_hand.救援・左 平均,実在,149.9301075,0.116414932
check_fictional_balance.pitcher.speed_hand.救援・左 標準偏差,実在,3.381599642,0.08709103223
check_fictional_balance.pitcher.speed_hand.日本人全体の平均,実在,151.3306113,0.06058627282
check_foreign_balance.fielder.その他の能力.ミート65以上,実在,0.0206,0.001945082964
check_foreign_balance.fielder.その他の能力.ミート・パワー・守備・捕球の最高,実在,88,0
check_foreign_balance.fielder.その他の能力.守備力60以上,実在,0.0222,0.002270152409
check_foreign_balance.fielder.その他の能力.守備力の最高,実在,65,0.1218574833
check_foreign_balance.fielder.その他の能力.走力・肩力の最高,実在,95,0.1218574833
check_foreign_balance.fielder.パワー.55未満,実在,0.062,0.003336528301
check_foreign_balance.fielder.パワー.85以上,実在,0.0232,0.002085936397
check_foreign_balance.fielder.パワー.90以上,設計,0,0
check_foreign_balance.fielder.パワー.標準偏差,実在,8.75690223,0.09213807895
check_foreign_balance.fielder.ポジション・投打・体格.サブポジ2つ,実在,0.3468,0.005846714578
check_foreign_balance.fielder.ポジション・投打・体格.サブポジ3つ以上,設計,0,0
check_foreign_balance.fielder.ポジション・投打・体格.三塁手,実在,0.1094,0.00424749397
check_foreign_balance.fielder.ポジション・投打・体格.右投右打,実在,0.6974,0.006548858583
check_foreign_balance.fielder.ポジション・投打・体格.左投右打,実在,0.0084,0.001183579445
check_foreign_balance.fielder.ポジション・投打・体格.捕手,実在,0.024,0.002006860344
check_foreign_balance.fielder.ポジション・投打・体格.身長平均,実在,187.2048,0.08812066216
check_foreign_balance.fielder.ポジション・投打・体格.遊撃手,実在,0.0942,0.004065120048
check_foreign_balance.fielder.弾道.弾道2,実在,0.2842,0.007002371745
check_foreign_balance.fielder.弾道.弾道2でパワー75以上,実在,0.031,0.002615934165
check_foreign_balance.fielder.弾道.弾道3,実在,0.4878,0.007543023067
check_foreign_balance.fielder.弾道.弾道4,実在,0.228,0.006457445627
check_foreign_balance.fielder.弾道.弾道×パワー相関,実在,0.4379675454,0.0117819823
check_foreign_balance.fielder.特殊能力.パワーヒッター,実在,0.0428,0.003031663888
check_foreign_balance.fielder.特殊能力.三振,実在,0.69,0.006607630658
check_foreign_balance.fielder.特殊能力.実在にない特能（1人あたり）,設計,0.0122,0.001702508938
check_foreign_balance.fielder.特殊能力.満塁男,実在,0.3416,0.006643868144
check_foreign_balance.fielder.特殊能力.積極打法,実在,0.4338,0.006683728385
check_foreign_balance.fielder.特殊能力.調子安定,実在,0.0034,0.0008276114448
check_foreign_balance.fielder.特殊能力.走塁悪い(E〜G),実在,0.039,0.002929090105
check_foreign_balance.fielder.特殊能力.送球良い(A〜C),実在,0.0714,0.003937407764
check_foreign_balance.fielder.相関.パワー×守備力,実在,-0.3376661556,0.01332842506
check_foreign_balance.fielder.相関.ミート×パワー,実在,0.3282535064,0.01267285369
check_foreign_balance.pitcher.コントロール・スタミナ.コントロール20未満,設計,0,0
check_foreign_balance.pitcher.コントロール・スタミナ.先発スタミナ平均,実在,59.21937843,0.135880987
check_foreign_balance.pitcher.コントロール・スタミナ.救援スタミナ38未満,実在,0,0
check_foreign_balance.pitcher.コントロール・スタミナ.救援スタミナ平均,実在,48.04054054,0.09644636751
check_foreign_balance.pitcher.ラベル.先発のロングリリーフ,設計,0,0
check_foreign_balance.pitcher.体格・フォーム.アンダースロー,設計,0,0
check_foreign_balance.pitcher.体格・フォーム.サイドスロー,実在,0.0346,0.002252413558
check_foreign_balance.pitcher.体格・フォーム.身長平均,実在,190.557,0.08951479347
check_foreign_balance.pitcher.変化球.2球種,実在,0.551,0.007303192391
check_foreign_balance.pitcher.変化球.2球種で第二球種なし,実在,0.1584,0.004915882474
check_foreign_balance.pitcher.変化球.3球種以上＋第二球種,実在,0,0
check_foreign_balance.pitcher.変化球.4球種以上,設計,0,0
check_foreign_balance.pitcher.変化球.Hシンカー,実在,0.1868,0.005645165228
check_foreign_balance.pitcher.変化球.カーブ,実在,0.0438,0.002888916787
check_foreign_balance.pitcher.変化球.ツーシームファスト,実在,0.3884,0.007414787344
check_foreign_balance.pitcher.変化球.ナックルカーブ,実在,0.209,0.006018286288
check_foreign_balance.pitcher.変化球.フォーク,実在,0.0448,0.003080061345
check_foreign_balance.pitcher.変化球.抑えの最大変化量平均,実在,4.417149479,0.02292955299
check_foreign_balance.pitcher.変化球.最大変化量2以下,実在,0,0
check_foreign_balance.pitcher.特殊能力.クイック悪い(E〜G),実在,0.615,0.007104333733
check_foreign_balance.pitcher.特殊能力.四球（制球40以下）,実在,0.8797814208,0.01058847757
check_foreign_balance.pitcher.特殊能力.奪三振,実在,0.4954,0.006542411769
check_foreign_balance.pitcher.特殊能力.奪三振（球速160以上）,実在,0.7643312102,0.01455135412
check_foreign_balance.pitcher.特殊能力.実在にない特能（1人あたり）,設計,0.0146,0.001711984361
check_foreign_balance.pitcher.特殊能力.投球位置左／右,実在,0.0046,0.0009291867087
check_foreign_balance.pitcher.特殊能力.矛盾ペア,設計,0,0
check_foreign_balance.pitcher.特殊能力.調子極端,実在,0.0754,0.003732298253
check_foreign_balance.pitcher.球速.150未満,実在,0.0336,0.002498039231
check_foreign_balance.pitcher.球速.160〜162,実在,0.1434,0.005302700459
check_foreign_balance.pitcher.球速.163以上,実在,0.0136,0.001495880776
check_foreign_balance.pitcher.球速.最頻値1つへの集中,実在,0.1052,0.002780983521
check_foreign_balance.pitcher.相関.コントロール×スタミナ,実在,0.3095648848,0.01196959837
check_foreign_balance.pitcher.相関.球速×コントロール,実在,-0.3581768209,0.01190460208
check_foreign_balance.pitcher.相関.球速×スタミナ,実在,-0.3585196626,0.01133270635
check_pitcher_control.control_hand.先発・右 平均,実在,54.53107175,0.2147180383
check_pitcher_control.control_hand.先発・左 平均,実在,56.01666667,0.3319163707
check_pitcher_control.control_hand.左右差（左−右） 先発,実在,1.485594916,0.4141304044
check_pitcher_control.control_hand.左右差（左−右） 救援,実在,-1.021898094,0.3669290269
check_pitcher_control.control_hand.救援−先発 右,実在,-6.140903735,0.2878814341
check_pitcher_control.control_hand.救援−先発 左,実在,-8.648396746,0.4107088767
check_pitcher_control.control_hand.救援で60以上,実在,0.1569350988,0.005321175298
check_pitcher_control.control_hand.救援で70以上,実在,0.01996961146,0.002502600159
check_pitcher_control.control_hand.救援・右 10%,実在,35,0.4706928497
check_pitcher_control.control_hand.救援・右 90%,実在,63,0.4603295193
check_pitcher_control.control_hand.救援・右 中央,実在,48,0.1888706186
check_pitcher_control.control_hand.救援・右 平均,実在,48.39016801,0.1857830817
check_pitcher_control.control_hand.救援・右 標準偏差,実在,10.30189684,0.1149252375
check_pitcher_control.control_hand.救援・左 10%,実在,33,0.3301739301
check_pitcher_control.control_hand.救援・左 90%,実在,62,0.5559796009
check_pitcher_control.control_hand.救援・左 中央,実在,46,0.5159211404
check_pitcher_control.control_hand.救援・左 平均,実在,47.36826992,0.2898975234
check_pitcher_control.control_hand.救援・左 標準偏差,実在,10.97875684,0.1798701106
check_pitcher_control.control_hand.日本人全体の平均,実在,51.61877516,0.1260182066
check_pitcher_control.reliever_stamina.コントロール×スタミナ相関 全体,実在,0.4971104116,0.007829261704
check_pitcher_control.reliever_stamina.コントロール×スタミナ相関 救援,実在,0.2162892807,0.01340963847
check_pitcher_control.reliever_stamina.コントロール×スタミナ相関 救援・右,実在,0.2219802186,0.01652734454
check_pitcher_control.reliever_stamina.コントロール×スタミナ相関 救援・左,実在,0.2094450488,0.02608045904
check_pitcher_control.reliever_stamina.スタミナ×査定の相関 救援,実在,0.4549003438,0.01098808339
check_pitcher_control.reliever_stamina.救援 10%,実在,40,0.2248036553
check_pitcher_control.reliever_stamina.救援 90%,実在,55,0.4972221832
check_pitcher_control.reliever_stamina.救援 中央,実在,47,0.5011544461
check_pitcher_control.reliever_stamina.救援 平均,実在,46.74712394,0.08305826699
check_pitcher_control.reliever_stamina.救援 標準偏差,実在,5.87997624,0.06226923376
check_pitcher_control.reliever_stamina.救援・右 平均,実在,46.63347853,0.09655700817
check_pitcher_control.reliever_stamina.救援・左 平均,実在,47.00933238,0.1521039878
validate_team_mode.color.ベテラン重視.age,設計,1.276573015,0.02178743812
validate_team_mode.color.守備重視.arm,設計,1.609870892,0.1776097316
validate_team_mode.color.守備重視.fielding,設計,2.349381475,0.1712342538
validate_team_mode.color.強力打線.any,設計,0,0
validate_team_mode.color.投手王国.pitcher_top_pct,設計,5.254660973,0.3955761529
validate_team_mode.color.機動力.speed,設計,3.319443277,0.1954204478
validate_team_mode.color.若手育成.age,設計,-1.409779378,0.02264190498
validate_team_mode.composition.age_23_25.p10,実在,15,0.4754379098
validate_team_mode.composition.age_23_25.p90,実在,17,0
validate_team_mode.composition.age_26_29.p10,実在,23,0
validate_team_mode.composition.age_26_29.p90,実在,24,0.09974842727
validate_team_mode.composition.age_30_33.p10,実在,11,0
validate_team_mode.composition.age_30_33.p90,実在,13,0.4277059879
validate_team_mode.composition.age_34p.p10,実在,7,0.3854371661
validate_team_mode.composition.age_34p.p90,実在,7,0.07071067812
validate_team_mode.composition.age_u22.p10,実在,9,0.4000750558
validate_team_mode.composition.age_u22.p90,実在,10,0
validate_team_mode.composition.closer_aptitude.p10,実在,8,0.1335220607
validate_team_mode.composition.closer_aptitude.p90,実在,15,0.1711298546
validate_team_mode.composition.fielder_RL.p10,実在,10,0.4749768574
validate_team_mode.composition.fielder_RL.p90,実在,17,0.1817274728
validate_team_mode.composition.fielder_bat_left.p10,実在,11,0.07071067812
validate_team_mode.composition.fielder_bat_left.p90,実在,19,0.321909738
validate_team_mode.composition.fielder_bat_switch.p10,実在,0,0
validate_team_mode.composition.fielder_bat_switch.p90,実在,2,0
validate_team_mode.composition.fielder_throw_left.p10,実在,0,0.1218574833
validate_team_mode.composition.fielder_throw_left.p90,実在,4,0.239830342
validate_team_mode.composition.fielders.p10,実在,31,0.2304376435
validate_team_mode.composition.fielders.p90,実在,36,0.4237378539
validate_team_mode.composition.foreign.p10,実在,4,0.3667646816
validate_team_mode.composition.foreign.p90,実在,8,0
validate_team_mode.composition.foreign_fielders.p10,実在,2,0.09994847919
validate_team_mode.composition.foreign_fielders.p90,実在,5,0.07071067812
validate_team_mode.composition.foreign_pitchers.p10,実在,2,0
validate_team_mode.composition.foreign_pitchers.p90,実在,5,0
validate_team_mode.composition.left_pitchers.p10,実在,8,0.2554880048
validate_team_mode.composition.left_pitchers.p90,実在,14,0
validate_team_mode.composition.main_reliever.p10,実在,13,0.4889839224
validate_team_mode.composition.main_reliever.p90,実在,20,0.2078551631
validate_team_mode.composition.main_starter.p10,実在,14,0.4030782933
validate_team_mode.composition.main_starter.p90,実在,22,0.427207539
validate_team_mode.composition.pitchers.p10,実在,32,0.1737836407
validate_team_mode.composition.pitchers.p90,実在,37,0.3844672618
validate_team_mode.composition.pos_1B.p10,実在,1,0
validate_team_mode.composition.pos_1B.p90,実在,4,0
validate_team_mode.composition.pos_2B.p10,実在,2,0
validate_team_mode.composition.pos_2B.p90,実在,5,0.2718034872
validate_team_mode.composition.pos_3B.p10,実在,2,0
validate_team_mode.composition.pos_3B.p90,実在,6,0.4702119163
validate_team_mode.composition.pos_C.p10,実在,6,0.4402143722
validate_team_mode.composition.pos_C.p90,実在,8,0.1003398747
validate_team_mode.composition.pos_OF.p10,実在,9,0.07071067812
validate_team_mode.composition.pos_OF.p90,実在,14,0.489606549
validate_team_mode.composition.pos_SS.p10,実在,3,0.1335220607
validate_team_mode.composition.pos_SS.p90,実在,8,0.4033499796
validate_team_mode.composition.starter_aptitude.p10,実在,23,0.4527570482
validate_team_mode.composition.starter_aptitude.p90,実在,30,0.4058355733
validate_team_mode.composition.total.p10,実在,67,0.4650538954
validate_team_mode.composition.total.p90,実在,70,0
validate_team_mode.design.catcher_ss,設計,0,0
validate_team_mode.design.closer_aptitude,設計,0,0
validate_team_mode.design.name_duplicates,設計,0,0
validate_team_mode.design.number_conflicts,設計,0,0
validate_team_mode.design.targets_match,設計,0,0
validate_team_mode.design.total_max70,設計,0,0
validate_team_mode.spread.先発のコントロール.sd_ratio,実在,1.103914822,0.04849254713
validate_team_mode.spread.先発のスタミナ.sd_ratio,実在,0.9260913745,0.05440928399
validate_team_mode.spread.先発の球速.sd_ratio,実在,0.8877557186,0.03888016649
validate_team_mode.spread.全員平均.p10,実在,263.8400001,0.6352937523
validate_team_mode.spread.全員平均.p90,実在,281.190336,0.7858284886
validate_team_mode.spread.全員平均.sd_ratio,実在,1.057334682,0.04563994124
validate_team_mode.spread.投手の査定の平均.p10,実在,279.4332237,0.7479640842
validate_team_mode.spread.投手の査定の平均.p90,実在,303.0660995,1.239067782
validate_team_mode.spread.投手の査定の平均.sd_ratio,実在,1.135720909,0.05772811035
validate_team_mode.spread.投手力.p10,実在,328.2923074,1.330764753
validate_team_mode.spread.投手力.p90,実在,360.692308,1.424747052
validate_team_mode.spread.投手力.sd_ratio,実在,0.9857302492,0.04151169704
validate_team_mode.spread.救援のコントロール.p90_margin,実在,51.090909,0.2376317986
validate_team_mode.spread.救援のコントロール.sd_ratio,実在,0.9165440451,0.03698001084
validate_team_mode.spread.救援のスタミナ.sd_ratio,実在,0.7056698085,0.03238514598
validate_team_mode.spread.救援の球速.sd_ratio,実在,1.230886777,0.05820701084
validate_team_mode.spread.総合力.median,実在,0.01347857181,0.002999342188
validate_team_mode.spread.総合力.p10,実在,315.782143,1.175336315
validate_team_mode.spread.総合力.p90,実在,342.1107144,0.8610362307
validate_team_mode.spread.総合力.sd_ratio,実在,1.052190804,0.04188228742
validate_team_mode.spread.野手のパワー.sd_ratio,実在,1.028150847,0.04847229759
validate_team_mode.spread.野手のミート.sd_ratio,実在,0.8479492691,0.03438733249
validate_team_mode.spread.野手の守備力.sd_ratio,実在,1.11129193,0.05418510857
validate_team_mode.spread.野手の弾道.sd_ratio,実在,1.006774897,0.04622317162
validate_team_mode.spread.野手の捕球.sd_ratio,実在,0.9641166103,0.04027308128
validate_team_mode.spread.野手の査定の平均.p10,実在,242.0441722,0.9056173144
validate_team_mode.spread.野手の査定の平均.p90,実在,263.6831082,0.8288635171
validate_team_mode.spread.野手の査定の平均.sd_ratio,実在,0.9616925523,0.04146589975
validate_team_mode.spread.野手の肩力.sd_ratio,実在,0.8017181809,0.03322525018
validate_team_mode.spread.野手の走力.sd_ratio,実在,1.18442397,0.05275953582
validate_team_mode.spread.野手力.p10,実在,286.7933336,1.254805387
validate_team_mode.spread.野手力.p90,実在,319.333333,0.924452694
validate_team_mode.spread.野手力.sd_ratio,実在,1.176443555,0.04100049154
validate_team_mode.strength.all.a,設計,6.100522369,0.4606889106
validate_team_mode.strength.all.b,実在,-0.004622465811,0.001291212382
validate_team_mode.strength.all.c_p10,実在,0.996262671,0.002249404557
validate_team_mode.strength.all.c_p90,実在,0.9978257326,0.001921412294
validate_team_mode.strength.all.d,設計,3.195083002,0.3348529799
validate_team_mode.strength.all.e_median,設計,2.722947761,0.844265134
validate_team_mode.strength.all.e_tail,設計,-9.276291215,1.194843826
validate_team_mode.strength.corr_pitcher_fielder,設計,0.1684840137,0.03754134039
validate_team_mode.strength.fielder_top.a,設計,6.644101545,0.8503899168
validate_team_mode.strength.fielder_top.b,実在,-0.001991474478,0.001995643133
validate_team_mode.strength.fielder_top.c_p10,実在,1.000642939,0.002652126995
validate_team_mode.strength.fielder_top.c_p90,実在,0.9886570248,0.00288608344
validate_team_mode.strength.fielder_top.d,設計,6.434637281,0.6607094379
validate_team_mode.strength.fielder_top.e_median,設計,5.613333333,1.147907939
validate_team_mode.strength.fielder_top.e_tail,設計,-18.02666667,1.304519514
validate_team_mode.strength.pitcher_top.a,設計,5.713259336,1.199882479
validate_team_mode.strength.pitcher_top.b,実在,-0.006187416479,0.002115820329
validate_team_mode.strength.pitcher_top.c_p10,実在,0.9980787037,0.002896897689
validate_team_mode.strength.pitcher_top.c_p90,実在,0.9852260888,0.002757109351
validate_team_mode.strength.pitcher_top.d,設計,7.791364792,0.6722116139
validate_team_mode.strength.pitcher_top.e_median,設計,1.723076923,1.64521685
validate_team_mode.strength.pitcher_top.e_tail,設計,-24.43846154,1.767586429
validate_team_mode.strength.top28.a,設計,7.345296421,0.6459736918
validate_team_mode.strength.top28.b,実在,-0.0006036282485,0.001508453082
validate_team_mode.strength.top28.c_p10,実在,1.003262219,0.002067270879
validate_team_mode.strength.top28.c_p90,実在,0.9907159067,0.001862399611
validate_team_mode.strength.top28.d,設計,4.721004843,0.422107424
validate_team_mode.strength.top28.e_median,設計,2.205357143,1.362780294
validate_team_mode.strength.top28.e_tail,設計,-14.29642857,1.423215172
validate_team_mode.uniform.age.fielder.0-10.mean,実在,29.10618583,0.06693806647
validate_team_mode.uniform.age.fielder.0-10.over31,実在,0.3360881543,0.006656978527
validate_team_mode.uniform.age.fielder.22-30.mean,実在,28.83651945,0.13563013
validate_team_mode.uniform.age.fielder.31-69.mean,実在,25.4277193,0.04081324964
validate_team_mode.uniform.age.fielder.31-69.over31,実在,0.09754385965,0.002598024588
validate_team_mode.uniform.age.pitcher.11-21.mean,実在,29.40721788,0.07586346925
validate_team_mode.uniform.age.pitcher.22-30.mean,実在,28.5610016,0.1305097469
validate_team_mode.uniform.age.pitcher.31-69.mean,実在,25.41399317,0.04355292384
validate_team_mode.uniform.catcher_rate.2,設計,0.467,0.02540881025
validate_team_mode.uniform.catcher_rate.27,設計,0.436,0.02435435171
validate_team_mode.uniform.empty_low.p10,実在,6,0.007071067812
validate_team_mode.uniform.empty_low.p90,実在,10,0.1712905492
validate_team_mode.uniform.foreign_range.11-21,実在,0.06444514304,0.004128930794
validate_team_mode.uniform.foreign_range.90-99,実在,0.1455517133,0.006050024339
validate_team_mode.uniform.foreign_rate.1,実在,0.00283286119,0.003102366957
validate_team_mode.uniform.foreign_rate.17,実在,0.002590673575,0.002372712489
validate_team_mode.uniform.foreign_rate.18,実在,0,0
validate_team_mode.uniform.foreign_rate.19,実在,0,0
validate_team_mode.uniform.foreign_rate.42,実在,0.7962184874,0.02103389766
validate_team_mode.uniform.foreign_rate.91,実在,0.3410852713,0.04317527914
validate_team_mode.uniform.foreign_rate.95,実在,0.2436548223,0.03057662637
validate_team_mode.uniform.foreign_rate.96,実在,0.2,0.03352188896
validate_team_mode.uniform.foreign_rate.98,実在,0.3786982249,0.03413145086
validate_team_mode.uniform.foreign_rate.99,実在,0.5025,0.02454662458
validate_team_mode.uniform.high_count,実在,4.736,0.06499511462
validate_team_mode.uniform.high_percentile,実在,0.3899395956,0.006727105063
validate_team_mode.uniform.high_used.mean,実在,4.74,0.06506338232
validate_team_mode.uniform.pitcher_rate_11_21,設計,0.918,0.004072826362
validate_team_mode.uniform.rate_99,実在,0.8,0.0178930828
