scope_type,scope,n_before,n_after,n_real,before_rate_pct,after_rate_pct,real_rate_pct,change_pt,before_abs_error_pt,after_abs_error_pt,improved_toward_real,before_short_rate_pct,after_short_rate_pct,before_long_rate_pct,after_long_rate_pct
overall,全体,5000,5000,402,8.280000,10.080000,13.930348,1.800000,5.650348,3.850348,True,,,,
age_band,18～22,656,656,,6.707317,6.859756,12.280702,0.152439,5.573385,5.420946,True,,,,
age_band,23～26,1659,1659,,7.836046,8.860759,8.461538,1.024714,0.625492,0.399221,True,,,,
age_band,27～30,1531,1531,,8.491182,10.254735,16.153846,1.763553,7.662664,5.899111,True,,,,
age_band,31～34,788,788,,8.629442,11.928934,12.280702,3.299492,3.651260,0.351768,True,,,,
age_band,35+,366,366,,11.475410,16.666667,35.714286,5.191257,24.238876,19.047619,True,,,,
same_age_tenure_gap,23～26,1659,1659,,-1.321610,0.922268,10.550000,2.243879,11.871610,9.627732,True,8.860759493670885,8.860759493670885,7.775768535262206,10.126582278481013
same_age_tenure_gap,27～30,1531,1531,,-2.118497,0.246877,8.470000,2.365373,10.588497,8.223123,True,9.784735812133071,10.176125244618394,7.0588235294117645,9.803921568627452
same_age_tenure_gap,31～34,788,788,,-1.489079,-0.980479,14.050000,0.508600,15.539079,15.030479,True,9.885931558935361,12.547528517110266,7.984790874524715,11.406844106463879
