dataset,role,age_band,n,mean,p90,rate_5plus_pct,rate_8plus_pct,rate_10plus_pct
after,投手,18～22,1471,6.118967,10.000000,69.340585,27.668253,11.352821
after,投手,23～26,3324,7.058363,11.000000,79.903730,42.027677,21.419976
after,投手,27～30,2966,7.721848,12.000000,82.265678,50.370870,30.984491
after,投手,31～34,1476,8.055556,12.000000,85.433604,55.691057,34.078591
after,投手,35+,763,9.184797,12.000000,96.199214,75.753604,44.036697
after,野手,18～22,1404,6.371083,10.000000,76.353276,28.774929,11.324786
after,野手,23～26,3280,7.911585,12.000000,86.402439,52.591463,30.426829
after,野手,27～30,2983,8.753939,14.000000,86.657727,59.704995,42.809252
after,野手,31～34,1546,9.836999,15.000000,90.426908,70.375162,54.786546
after,野手,35+,787,10.293520,13.000000,98.221093,88.818297,64.675985
before,投手,18～22,1471,6.687967,11.000000,76.206662,35.825969,16.519375
before,投手,23～26,3324,7.058063,11.000000,79.903730,42.027677,21.419976
before,投手,27～30,2966,7.211733,11.000000,80.579906,43.492920,23.735671
before,投手,31～34,1476,7.466802,11.000000,83.807588,48.238482,25.813008
before,投手,35+,763,9.183486,12.000000,96.199214,75.753604,44.036697
before,野手,18～22,1404,7.358974,11.000000,83.119658,44.871795,23.433048
before,野手,23～26,3280,7.909756,12.000000,86.402439,52.530488,30.396341
before,野手,27～30,2983,7.913845,12.000000,86.087831,53.369092,30.238015
before,野手,31～34,1546,8.313066,12.000000,89.456662,58.990944,35.381630
before,野手,35+,787,9.740788,13.000000,97.966963,83.608640,55.146125
real,投手,18～22,57,5.666667,9.000000,61.403509,17.543860,7.017544
real,投手,23～26,130,6.715385,10.000000,79.230769,37.692308,14.615385
real,投手,27～30,130,8.576923,13.000000,90.769231,66.153846,35.384615
real,投手,31～34,57,9.140351,13.000000,98.245614,71.929825,36.842105
real,投手,35+,28,10.071429,14.000000,100.000000,75.000000,53.571429
real,野手,18～22,56,5.375000,8.500000,57.142857,19.642857,5.357143
real,野手,23～26,133,7.233083,12.000000,78.195489,44.360902,24.060150
real,野手,27～30,108,9.000000,13.000000,89.814815,62.962963,47.222222
real,野手,31～34,59,10.525424,16.000000,93.220339,79.661017,61.016949
real,野手,35+,33,11.606061,15.800000,100.000000,84.848485,72.727273
saved_generated,投手,18～22,171,6.684211,10.000000,77.777778,35.087719,16.374269
saved_generated,投手,23～26,357,6.997199,11.000000,79.551821,42.296919,21.568627
saved_generated,投手,27～30,308,7.000000,11.000000,81.493506,39.935065,18.506494
saved_generated,投手,31～34,166,7.373494,11.500000,82.530120,46.385542,22.891566
saved_generated,投手,35+,73,9.068493,12.000000,95.890411,78.082192,45.205479
saved_generated,野手,18～22,167,7.317365,11.000000,82.035928,46.706587,22.754491
saved_generated,野手,23～26,347,7.778098,11.000000,86.167147,53.314121,28.530259
saved_generated,野手,27～30,323,8.055728,12.000000,87.925697,57.585139,33.126935
saved_generated,野手,31～34,167,8.413174,12.000000,86.826347,61.077844,38.323353
saved_generated,野手,35+,73,9.945205,13.000000,98.630137,89.041096,54.794521
