dataset,role,special,kind,n,overall_rate_pct,18～22_n,18～22_rate_pct,23～26_n,23～26_rate_pct,27～30_n,27～30_rate_pct,31～34_n,31～34_rate_pct,35+_n,35+_rate_pct,before_overall_rate_pct,overall_change_pt,max_age_band_change_pt
before,投手,キレ○,blue,10000,20.230000,1471,16.043508,3324,18.411552,2966,19.959541,1476,21.951220,763,33.944954,20.230000,0.000000,0.000000
after,投手,キレ○,blue,10000,21.390000,1471,12.168593,3324,18.411552,2966,24.342549,1476,24.864499,763,33.944954,20.230000,1.160000,4.383007
before,投手,クロスファイヤー,blue,10000,4.200000,1471,3.602991,3324,3.730445,2966,4.180715,1476,5.013550,763,5.897772,4.200000,0.000000,0.000000
after,投手,クロスファイヤー,blue,10000,4.290000,1471,2.991162,3324,3.730445,2966,4.484154,1476,5.623306,763,5.897772,4.200000,0.090000,0.611829
before,投手,ゴロピッチャー,mixed,10000,2.770000,1471,2.923182,3324,2.948255,2966,2.225219,1476,2.710027,763,3.931848,2.770000,0.000000,0.000000
after,投手,ゴロピッチャー,mixed,10000,2.860000,1471,2.719239,3324,2.948255,2966,2.494943,1476,2.981030,763,3.931848,2.770000,0.090000,0.271003
before,投手,ジャイロボール,blue,10000,2.260000,1471,1.495581,3324,1.955475,2966,2.225219,1476,2.913279,763,3.931848,2.260000,0.000000,0.000000
after,投手,ジャイロボール,blue,10000,2.360000,1471,0.951734,3324,1.955475,2966,2.494943,1476,3.590786,763,3.931848,2.260000,0.100000,0.677507
before,投手,ストライク先行,blue,10000,3.170000,1471,2.243372,3324,2.827918,2966,3.169252,1476,3.523035,763,5.766710,3.170000,0.000000,0.000000
after,投手,ストライク先行,blue,10000,3.350000,1471,1.767505,3324,2.827918,2966,3.776129,1476,3.997290,763,5.766710,3.170000,0.180000,0.606878
before,投手,スロースターター,red,10000,5.650000,1471,4.554725,3324,5.685921,2966,6.304788,1476,5.487805,763,5.373526,5.650000,0.000000,0.000000
after,投手,スロースターター,red,10000,5.690000,1471,3.738953,3324,5.685921,2966,6.608227,1476,5.962060,763,5.373526,5.650000,0.040000,0.815772
before,投手,テンポ○,green,10000,7.050000,1471,6.390211,3324,6.979543,2966,7.619690,1476,6.571816,763,7.339450,7.050000,0.000000,0.000000
after,投手,テンポ○,green,10000,7.050000,1471,6.390211,3324,6.979543,2966,7.619690,1476,6.571816,763,7.339450,7.050000,0.000000,0.000000
before,投手,ナチュラルシュート,blue,10000,6.860000,1471,5.370496,3324,6.618532,2966,7.080243,1476,6.978320,763,9.698558,6.860000,0.000000,0.000000
after,投手,ナチュラルシュート,blue,10000,6.970000,1471,4.690687,3324,6.618532,2966,7.383682,1476,7.791328,763,9.698558,6.860000,0.110000,0.813008
before,投手,フライボールピッチャー,mixed,10000,1.790000,1471,0.815772,3324,1.504212,2966,1.989211,1476,1.897019,763,3.931848,1.790000,0.000000,0.000000
after,投手,フライボールピッチャー,mixed,10000,1.960000,1471,0.543848,3324,1.504212,2966,2.427512,1476,2.439024,763,3.931848,1.790000,0.170000,0.542005
before,投手,ボール先行,red,10000,4.040000,1471,3.874915,3324,3.941035,2966,3.944707,1476,4.268293,763,4.718218,4.040000,0.000000,0.000000
after,投手,ボール先行,red,10000,4.170000,1471,3.195105,3324,3.941035,2966,4.416723,1476,4.878049,763,4.718218,4.040000,0.130000,0.679810
before,投手,ポーカーフェイス,mixed,10000,1.220000,1471,0.815772,3324,0.902527,2966,1.483479,1476,1.422764,763,1.965924,1.220000,0.000000,0.000000
after,投手,ポーカーフェイス,mixed,10000,1.280000,1471,0.747791,3324,0.902527,2966,1.652057,1476,1.558266,763,1.965924,1.220000,0.060000,0.168577
before,投手,ムード×,red,10000,0.380000,1471,0.271924,3324,0.330927,2966,0.472016,1476,0.271003,763,0.655308,0.380000,0.000000,0.000000
after,投手,ムード×,red,10000,0.410000,1471,0.135962,3324,0.330927,2966,0.606878,1476,0.338753,763,0.655308,0.380000,0.030000,0.135962
before,投手,ムード○,blue,10000,1.520000,1471,1.291638,3324,1.624549,2966,1.719488,1476,0.880759,763,1.965924,1.520000,0.000000,0.000000
after,投手,ムード○,blue,10000,1.670000,1471,1.019714,3324,1.624549,2966,2.225219,1476,1.151762,763,1.965924,1.520000,0.150000,0.505732
before,投手,リリース○,blue,10000,24.090000,1471,17.675051,3324,20.758123,2966,25.657451,1476,26.016260,763,41.153342,24.090000,0.000000,0.000000
after,投手,リリース○,blue,10000,25.650000,1471,15.431679,3324,20.758123,2966,29.838166,1476,30.420054,763,41.153342,24.090000,1.560000,4.403794
before,投手,一発,red,10000,3.950000,1471,4.078858,3324,3.700361,2966,3.742414,1476,3.523035,763,6.422018,3.950000,0.000000,0.000000
after,投手,一発,red,10000,4.050000,1471,3.331067,3324,3.700361,2966,4.079568,1476,4.268293,763,6.422018,3.950000,0.100000,0.747791
before,投手,乱調,red,10000,3.720000,1471,5.506458,3324,3.910951,2966,2.966959,1476,3.455285,763,2.883355,3.720000,0.000000,0.000000
after,投手,乱調,red,10000,3.690000,1471,4.350782,3324,3.910951,2966,3.202967,1476,3.929539,763,2.883355,3.720000,-0.030000,1.155676
before,投手,人気者,green,10000,3.110000,1471,3.195105,3324,3.188929,2966,3.101821,1476,2.574526,763,3.669725,3.110000,0.000000,0.000000
after,投手,人気者,green,10000,3.110000,1471,3.195105,3324,3.188929,2966,3.101821,1476,2.574526,763,3.669725,3.110000,0.000000,0.000000
before,投手,低め○,blue,10000,7.850000,1471,4.554725,3324,6.528279,2966,7.687121,1476,9.620596,763,17.169069,7.850000,0.000000,0.000000
after,投手,低め○,blue,10000,8.320000,1471,4.010877,3324,6.528279,2966,8.664869,1476,11.382114,763,17.169069,7.850000,0.470000,1.761518
before,投手,全開,mixed,10000,0.990000,1471,0.951734,3324,0.722022,2966,0.910317,1476,1.016260,763,2.490170,0.990000,0.000000,0.000000
after,投手,全開,mixed,10000,1.020000,1471,0.883753,3324,0.722022,2966,1.011463,1476,1.084011,763,2.490170,0.990000,0.030000,0.101146
before,投手,内角攻め,blue,10000,12.170000,1471,8.633583,3324,10.228640,2966,11.362104,1476,15.853659,763,23.460026,12.170000,0.000000,0.000000
after,投手,内角攻め,blue,10000,13.290000,1471,7.138001,3324,10.228640,2966,14.463924,1476,18.699187,763,23.460026,12.170000,1.120000,3.101821
before,投手,力配分,mixed,10000,0.910000,1471,1.019714,3324,1.173285,2966,0.910317,1476,0.474255,763,0.393185,0.910000,0.000000,0.000000
after,投手,力配分,mixed,10000,0.990000,1471,0.815772,3324,1.173285,2966,1.112610,1476,0.813008,763,0.393185,0.910000,0.080000,0.338753
before,投手,勝ち運,blue,10000,1.550000,1471,1.495581,3324,1.684717,2966,1.314902,1476,0.948509,763,3.145478,1.550000,0.000000,0.000000
after,投手,勝ち運,blue,10000,1.620000,1471,0.883753,3324,1.684717,2966,1.652057,1476,1.355014,763,3.145478,1.550000,0.070000,0.611829
before,投手,四球,red,10000,21.880000,1471,29.911625,3324,24.939832,2966,19.656102,1476,17.208672,763,10.747051,21.880000,0.000000,0.000000
after,投手,四球,red,10000,21.650000,1471,24.813052,3324,24.939832,2966,21.004720,1476,18.021680,763,10.747051,21.880000,-0.230000,5.098572
before,投手,回またぎ○,blue,10000,5.560000,1471,4.486744,3324,5.264741,2966,5.327040,1476,7.181572,763,6.684142,5.560000,0.000000,0.000000
after,投手,回またぎ○,blue,10000,5.540000,1471,3.127124,3324,5.264741,2966,5.664194,1476,7.723577,763,6.684142,5.560000,-0.020000,1.359619
before,投手,国際大会×,red,10000,0.720000,1471,0.271924,3324,0.992780,2966,0.606878,1476,0.474255,763,1.310616,0.720000,0.000000,0.000000
after,投手,国際大会×,red,10000,0.760000,1471,0.203943,3324,0.992780,2966,0.640593,1476,0.745257,763,1.310616,0.720000,0.040000,0.271003
before,投手,国際大会○,blue,10000,2.170000,1471,1.971448,3324,2.256318,2966,2.258935,1476,1.829268,763,2.490170,2.170000,0.000000,0.000000
after,投手,国際大会○,blue,10000,2.290000,1471,1.631543,3324,2.256318,2966,2.663520,1476,2.168022,763,2.490170,2.170000,0.120000,0.404585
before,投手,変化球中心,green,10000,7.390000,1471,6.662135,3324,7.370638,2966,7.518543,1476,7.384824,763,8.387942,7.390000,0.000000,0.000000
after,投手,変化球中心,green,10000,7.390000,1471,6.662135,3324,7.370638,2966,7.518543,1476,7.384824,763,8.387942,7.390000,0.000000,0.000000
before,投手,奪三振,blue,10000,28.000000,1471,22.977566,3324,26.353791,2966,28.051247,1476,29.945799,763,40.891219,28.000000,0.000000,0.000000
after,投手,奪三振,blue,10000,29.660000,1471,17.199184,3324,26.353791,2966,33.175995,1476,36.653117,763,40.891219,28.000000,1.660000,6.707317
before,投手,安全圏○,blue,10000,7.300000,1471,6.866077,3324,7.370638,2966,6.743088,1476,6.504065,763,11.533421,7.300000,0.000000,0.000000
after,投手,安全圏○,blue,10000,7.470000,1471,5.710401,3324,7.370638,2966,7.484828,1476,7.317073,763,11.533421,7.300000,0.170000,1.155676
before,投手,寸前,red,10000,3.100000,1471,2.787220,3324,3.279182,2966,2.832097,1476,3.726287,763,2.752294,3.100000,0.000000,0.000000
after,投手,寸前,red,10000,3.120000,1471,1.971448,3324,3.279182,2966,3.101821,1476,4.132791,763,2.752294,3.100000,0.020000,0.815772
before,投手,対ランナー,blue,10000,4.480000,1471,3.535010,3324,4.632972,2966,4.315577,1476,4.336043,763,6.553080,4.480000,0.000000,0.000000
after,投手,対ランナー,blue,10000,4.640000,1471,2.855201,3324,4.632972,2966,4.888739,1476,4.945799,763,6.553080,4.480000,0.160000,0.679810
before,投手,対ランナー×,red,10000,3.370000,1471,3.467029,3324,2.737665,2966,3.405260,1476,3.387534,763,5.766710,3.370000,0.000000,0.000000
after,投手,対ランナー×,red,10000,3.540000,1471,3.059143,3324,2.737665,2966,3.843560,1476,4.065041,763,5.766710,3.370000,0.170000,0.677507
before,投手,対強打者○,blue,10000,4.120000,1471,3.127124,3324,3.309266,2966,4.383007,1476,4.742547,763,7.339450,4.120000,0.000000,0.000000
after,投手,対強打者○,blue,10000,4.270000,1471,2.515296,3324,3.309266,2966,4.855024,1476,5.420054,763,7.339450,4.120000,0.150000,0.677507
before,投手,尻上がり,blue,10000,3.020000,1471,2.243372,3324,2.677497,2966,3.405260,1476,3.048780,763,4.456094,3.020000,0.000000,0.000000
after,投手,尻上がり,blue,10000,3.270000,1471,1.971448,3324,2.677497,2966,3.877276,1476,4.065041,763,4.456094,3.020000,0.250000,1.016260
before,投手,打球反応○,blue,10000,5.780000,1471,4.826649,3324,5.716005,2966,5.495617,1476,6.233062,763,8.125819,5.780000,0.000000,0.000000
after,投手,打球反応○,blue,10000,5.960000,1471,4.214820,3324,5.716005,2966,5.900202,1476,7.249322,763,8.125819,5.780000,0.180000,1.016260
before,投手,投手存在感,blue,10000,0.740000,1471,0.679810,3324,0.571600,2966,0.876601,1476,0.745257,763,1.048493,0.740000,0.000000,0.000000
after,投手,投手存在感,blue,10000,0.760000,1471,0.543848,3324,0.571600,2966,1.011463,1476,0.745257,763,1.048493,0.740000,0.020000,0.135962
before,投手,投手調子安定,green,10000,3.250000,1471,3.195105,3324,3.219013,2966,3.202967,1476,3.048780,763,4.062910,3.250000,0.000000,0.000000
after,投手,投手調子安定,green,10000,3.370000,1471,2.515296,3324,3.219013,2966,3.540121,1476,3.861789,763,4.062910,3.250000,0.120000,0.813008
before,投手,投手調子極端,green,10000,1.030000,1471,0.747791,3324,0.872443,2966,1.146325,1476,1.084011,763,1.703801,1.030000,0.000000,0.000000
after,投手,投手調子極端,green,10000,1.100000,1471,0.543848,3324,0.872443,2966,1.416049,1476,1.219512,763,1.703801,1.030000,0.070000,0.269724
before,投手,投打躍動,blue,10000,0.780000,1471,0.543848,3324,0.481348,2966,0.876601,1476,1.016260,763,1.703801,0.780000,0.000000,0.000000
after,投手,投打躍動,blue,10000,0.850000,1471,0.271924,3324,0.481348,2966,1.180040,1476,1.151762,763,1.703801,0.780000,0.070000,0.303439
before,投手,投球位置右,green,10000,3.110000,1471,3.874915,3324,3.279182,2966,2.562374,1476,2.710027,763,3.800786,3.110000,0.000000,0.000000
after,投手,投球位置右,green,10000,3.110000,1471,3.874915,3324,3.279182,2966,2.562374,1476,2.710027,763,3.800786,3.110000,0.000000,0.000000
before,投手,投球位置左,green,10000,2.930000,1471,2.991162,3324,2.376655,2966,3.540121,1476,2.913279,763,2.883355,2.930000,0.000000,0.000000
after,投手,投球位置左,green,10000,2.930000,1471,2.991162,3324,2.376655,2966,3.540121,1476,2.913279,763,2.883355,2.930000,0.000000,0.000000
before,投手,抜け球,red,10000,17.620000,1471,25.084976,3324,21.089049,2966,14.396494,1476,13.279133,763,9.043250,17.620000,0.000000,0.000000
after,投手,抜け球,red,10000,17.590000,1471,21.074099,3324,21.119134,2966,15.576534,1476,14.634146,763,9.043250,17.620000,-0.030000,4.010877
before,投手,根性,blue,10000,4.480000,1471,3.874915,3324,4.332130,2966,4.450438,1476,4.065041,763,7.208388,4.480000,0.000000,0.000000
after,投手,根性,blue,10000,4.550000,1471,3.195105,3324,4.332130,2966,4.855024,1476,4.403794,763,7.208388,4.480000,0.070000,0.679810
before,投手,火消し,blue,10000,2.950000,1471,2.719239,3324,2.647413,2966,2.899528,1476,3.252033,763,4.325033,2.950000,0.000000,0.000000
after,投手,火消し,blue,10000,2.980000,1471,2.311353,3324,2.647413,2966,3.034390,1476,3.590786,763,4.325033,2.950000,0.030000,0.407886
before,投手,牽制○,blue,10000,8.350000,1471,6.118287,3324,7.581227,2966,8.327714,1476,10.094851,763,12.712975,8.350000,0.000000,0.000000
after,投手,牽制○,blue,10000,8.640000,1471,5.574439,3324,7.581227,2966,9.002023,1476,11.246612,763,12.712975,8.350000,0.290000,1.151762
before,投手,球持ち○,blue,10000,20.950000,1471,13.188307,3324,17.659446,2966,21.240728,1476,24.593496,763,42.070773,20.950000,0.000000,0.000000
after,投手,球持ち○,blue,10000,22.400000,1471,10.265126,3324,17.659446,2966,25.590020,1476,28.590786,763,42.070773,20.950000,1.450000,4.349292
before,投手,球速安定,blue,10000,24.560000,1471,21.346023,3324,22.803851,2966,24.477411,1476,28.997290,763,30.144168,24.560000,0.000000,0.000000
after,投手,球速安定,blue,10000,25.590000,1471,17.607070,3324,22.803851,2966,27.882670,1476,32.791328,763,30.275229,24.560000,1.030000,3.794038
before,投手,真っスラ,blue,10000,7.100000,1471,6.866077,3324,6.829122,2966,7.046527,1476,6.368564,763,10.353866,7.100000,0.000000,0.000000
after,投手,真っスラ,blue,10000,7.070000,1471,5.642420,3324,6.829122,2966,7.383682,1476,6.707317,763,10.353866,7.100000,-0.030000,1.223657
before,投手,短気,red,10000,3.700000,1471,3.331067,3324,3.880866,2966,3.438975,1476,3.861789,763,4.325033,3.700000,0.000000,0.000000
after,投手,短気,red,10000,3.870000,1471,2.991162,3324,3.880866,2966,3.843560,1476,4.539295,763,4.325033,3.700000,0.170000,0.677507
before,投手,立ち上がり○,blue,10000,6.640000,1471,5.982325,3324,5.806258,2966,6.709373,1476,7.588076,763,9.436435,6.640000,0.000000,0.000000
after,投手,立ち上がり○,blue,10000,7.050000,1471,5.098572,3324,5.806258,2966,7.855698,1476,8.943089,763,9.436435,6.640000,0.410000,1.355014
before,投手,緊急登板○,blue,10000,4.210000,1471,2.719239,3324,4.362214,2966,4.113284,1476,4.674797,763,5.897772,4.210000,0.000000,0.000000
after,投手,緊急登板○,blue,10000,4.350000,1471,2.379334,3324,4.362214,2966,4.517869,1476,5.149051,763,5.897772,4.210000,0.140000,0.474255
before,投手,緩急○,blue,10000,16.310000,1471,11.624745,3324,15.342960,2966,16.587997,1476,18.428184,763,24.377457,16.310000,0.000000,0.000000
after,投手,緩急○,blue,10000,17.530000,1471,9.789259,3324,15.342960,2966,19.757249,1476,22.154472,763,24.377457,16.310000,1.220000,3.726287
before,投手,荒れ球,mixed,10000,3.840000,1471,6.186268,3324,4.452467,2966,3.000674,1476,2.981030,763,1.572739,3.840000,0.000000,0.000000
after,投手,荒れ球,mixed,10000,3.720000,1471,4.962610,3324,4.452467,2966,3.101821,1476,3.184282,763,1.572739,3.840000,-0.120000,1.223657
before,投手,要所○,blue,10000,3.340000,1471,2.651258,3324,3.098676,2966,3.270398,1476,3.794038,763,5.111402,3.340000,0.000000,0.000000
after,投手,要所○,blue,10000,3.500000,1471,2.039429,3324,3.098676,2966,3.776129,1476,4.471545,763,5.111402,3.340000,0.160000,0.677507
before,投手,負け運,red,10000,4.160000,1471,3.331067,3324,4.783394,2966,4.180715,1476,3.455285,763,4.325033,4.160000,0.000000,0.000000
after,投手,負け運,red,10000,4.350000,1471,3.059143,3324,4.783394,2966,4.619016,1476,4.132791,763,4.325033,4.160000,0.190000,0.677507
before,投手,軽い球,red,10000,2.490000,1471,1.631543,3324,2.256318,2966,2.562374,1476,2.710027,763,4.456094,2.490000,0.000000,0.000000
after,投手,軽い球,red,10000,2.520000,1471,1.291638,3324,2.256318,2966,2.697235,1476,2.981030,763,4.456094,2.490000,0.030000,0.339905
before,投手,逃げ球,blue,10000,18.150000,1471,13.732155,3324,16.756919,2966,17.734322,1476,18.360434,763,33.944954,18.150000,0.000000,0.000000
after,投手,逃げ球,blue,10000,19.640000,1471,11.556764,3324,16.756919,2966,21.679029,1476,22.696477,763,33.944954,18.150000,1.490000,4.336043
before,投手,速球中心,green,10000,7.560000,1471,7.002039,3324,8.062575,2966,7.552259,1476,7.520325,763,6.553080,7.560000,0.000000,0.000000
after,投手,速球中心,green,10000,7.560000,1471,7.002039,3324,8.062575,2966,7.552259,1476,7.520325,763,6.553080,7.560000,0.000000,0.000000
before,投手,重い球,blue,10000,5.780000,1471,4.214820,3324,5.294826,2966,6.304788,1476,6.842818,763,6.815203,5.780000,0.000000,0.000000
after,投手,重い球,blue,10000,6.010000,1471,3.806934,3324,5.294826,2966,6.877950,1476,7.655827,763,6.815203,5.780000,0.230000,0.813008
before,投手,闘志,blue,10000,4.600000,1471,4.554725,3324,4.061372,2966,4.349292,1476,5.758808,763,5.766710,4.600000,0.000000,0.000000
after,投手,闘志,blue,10000,4.680000,1471,3.806934,3324,4.061372,2966,4.753877,1476,6.233062,763,5.766710,4.600000,0.080000,0.747791
before,野手,いぶし銀,blue,10000,2.080000,1404,1.851852,3280,1.829268,2983,2.246061,1546,1.940492,787,3.176620,2.080000,0.000000,0.000000
after,野手,いぶし銀,blue,10000,2.400000,1404,1.495726,3280,1.829268,2983,2.815957,1546,3.040103,787,3.557814,2.080000,0.320000,1.099612
before,野手,かく乱,blue,10000,2.600000,1404,1.851852,3280,2.774390,2983,2.547771,1546,3.040103,787,2.541296,2.600000,0.000000,0.000000
after,野手,かく乱,blue,10000,2.890000,1404,1.139601,3280,2.774390,2983,3.050620,1546,4.269082,787,3.176620,2.600000,0.290000,1.228978
before,野手,ささやき破り,blue,10000,1.730000,1404,1.353276,3280,1.615854,2983,1.910828,1546,1.293661,787,3.049555,1.730000,0.000000,0.000000
after,野手,ささやき破り,blue,10000,2.070000,1404,0.712251,3280,1.615854,2983,2.614817,1546,2.587322,787,3.303685,1.730000,0.340000,1.293661
before,野手,アウトコースヒッター,blue,10000,3.580000,1404,3.347578,3280,3.719512,2983,3.251760,1546,3.686934,787,4.447268,3.580000,0.000000,0.000000
after,野手,アウトコースヒッター,blue,10000,3.750000,1404,1.923077,3280,3.719512,2983,3.855179,1546,4.786546,787,4.701398,3.580000,0.170000,1.424501
before,野手,アベレージヒッター,blue,10000,1.430000,1404,1.068376,3280,1.158537,2983,1.307409,1546,1.811125,787,2.922490,1.430000,0.000000,0.000000
after,野手,アベレージヒッター,blue,10000,1.680000,1404,0.569801,3280,1.158537,2983,2.011398,1546,2.457956,787,3.049555,1.430000,0.250000,0.703989
before,野手,インコースヒッター,blue,10000,3.430000,1404,2.564103,3280,3.384146,2983,3.419376,1546,4.204398,787,3.684879,3.430000,0.000000,0.000000
after,野手,インコースヒッター,blue,10000,3.650000,1404,1.638177,3280,3.384146,2983,4.056319,1546,5.109961,787,3.939009,3.430000,0.220000,0.925926
before,野手,エラー,red,10000,6.670000,1404,6.196581,3280,6.646341,2983,6.805230,1546,6.856404,787,6.734435,6.670000,0.000000,0.000000
after,野手,エラー,red,10000,6.910000,1404,3.917379,3280,6.646341,2983,7.710359,1546,8.344114,787,7.496823,6.670000,0.240000,2.279202
before,野手,カット打ち,blue,10000,12.320000,1404,9.900285,3280,11.128049,2983,12.973517,1546,12.225097,787,19.313850,12.320000,0.000000,0.000000
after,野手,カット打ち,blue,10000,15.060000,1404,5.769231,3280,11.128049,2983,17.733825,1546,23.027167,787,22.236341,12.320000,2.740000,10.802070
before,野手,サヨナラ男,blue,10000,12.970000,1404,10.185185,3280,11.493902,2983,13.174656,1546,14.100906,787,21.092757,12.970000,0.000000,0.000000
after,野手,サヨナラ男,blue,10000,16.330000,1404,6.623932,3280,11.554878,2983,19.175327,1546,25.614489,787,24.523507,12.970000,3.360000,11.513583
before,野手,ダメ押し,blue,10000,2.060000,1404,2.279202,3280,2.134146,2983,1.676165,1546,2.328590,787,2.287166,2.060000,0.000000,0.000000
after,野手,ダメ押し,blue,10000,2.250000,1404,1.282051,3280,2.134146,2983,2.111968,1546,3.363519,787,2.795426,2.060000,0.190000,1.034929
before,野手,チャンスメーカー,blue,10000,2.070000,1404,1.566952,3280,1.829268,2983,2.547771,1546,1.746442,787,2.795426,2.070000,0.000000,0.000000
after,野手,チャンスメーカー,blue,10000,2.320000,1404,1.139601,3280,1.829268,2983,3.050620,1546,2.393273,787,3.557814,2.070000,0.250000,0.762389
before,野手,チームプレイ×,green,10000,4.380000,1404,3.703704,3280,3.963415,2983,4.726785,1546,5.239327,787,4.320203,4.380000,0.000000,0.000000
after,野手,チームプレイ×,green,10000,4.380000,1404,3.703704,3280,3.963415,2983,4.726785,1546,5.239327,787,4.320203,4.380000,0.000000,0.000000
before,野手,チームプレイ○,green,10000,7.120000,1404,7.264957,3280,6.646341,2983,7.006369,1546,7.826649,787,7.878018,7.120000,0.000000,0.000000
after,野手,チームプレイ○,green,10000,7.120000,1404,7.264957,3280,6.646341,2983,7.006369,1546,7.826649,787,7.878018,7.120000,0.000000,0.000000
before,野手,ハイボールヒッター,blue,10000,3.650000,1404,2.849003,3280,3.231707,2983,3.888703,1546,3.686934,787,5.844981,3.650000,0.000000,0.000000
after,野手,ハイボールヒッター,blue,10000,3.760000,1404,1.638177,3280,3.231707,2983,4.290982,1546,4.592497,787,6.099111,3.650000,0.110000,1.210826
before,野手,バント○,blue,10000,7.830000,1404,6.552707,3280,7.256098,2983,7.375126,1546,8.861578,787,12.198221,7.830000,0.000000,0.000000
after,野手,バント○,blue,10000,8.780000,1404,4.415954,3280,7.256098,2983,9.252430,1546,12.936611,787,12.960610,7.830000,0.950000,4.075032
before,野手,バント職人,blue,10000,1.900000,1404,1.495726,3280,1.768293,2983,1.843781,1546,1.875809,787,3.430750,1.900000,0.000000,0.000000
after,野手,バント職人,blue,10000,2.130000,1404,0.854701,3280,1.768293,2983,2.447201,1546,2.522639,787,3.939009,1.900000,0.230000,0.646831
before,野手,パワーヒッター,blue,10000,2.080000,1404,1.282051,3280,2.103659,2983,1.910828,1546,2.587322,787,3.049555,2.080000,0.000000,0.000000
after,野手,パワーヒッター,blue,10000,2.370000,1404,0.854701,3280,2.103659,2983,2.346631,1546,3.751617,787,3.557814,2.080000,0.290000,1.164295
before,野手,フル出場,green,10000,11.140000,1404,9.472934,3280,11.646341,2983,10.593362,1546,11.836999,787,12.706480,11.140000,0.000000,0.000000
after,野手,フル出場,green,10000,11.140000,1404,9.472934,3280,11.646341,2983,10.593362,1546,11.836999,787,12.706480,11.140000,0.000000,0.000000
before,野手,フレーミング○,blue,10000,0.420000,1404,0.213675,3280,0.243902,2983,0.368756,1546,1.034929,787,0.508259,0.420000,0.000000,0.000000
after,野手,フレーミング○,blue,10000,0.480000,1404,0.071225,3280,0.243902,2983,0.502849,1546,1.293661,787,0.508259,0.420000,0.060000,0.258732
before,野手,フレーミング◎,blue,10000,0.320000,1404,0.427350,3280,0.274390,2983,0.335233,1546,0.258732,787,0.381194,0.320000,0.000000,0.000000
after,野手,フレーミング◎,blue,10000,0.330000,1404,0.142450,3280,0.274390,2983,0.402280,1546,0.388098,787,0.508259,0.320000,0.010000,0.284900
before,野手,ブロッキング,blue,10000,0.750000,1404,0.356125,3280,0.975610,2983,0.703989,1546,0.776197,787,0.635324,0.750000,0.000000,0.000000
after,野手,ブロッキング,blue,10000,0.840000,1404,0.213675,3280,0.975610,2983,0.871606,1546,1.099612,787,0.762389,0.750000,0.090000,0.323415
before,野手,プルヒッター,blue,10000,3.710000,1404,2.350427,3280,3.445122,2983,4.056319,1546,3.686934,787,5.972046,3.710000,0.000000,0.000000
after,野手,プルヒッター,blue,10000,3.960000,1404,1.210826,3280,3.445122,2983,4.793832,1546,4.721863,787,6.353240,3.710000,0.250000,1.139601
before,野手,プレッシャーラン,blue,10000,2.660000,1404,2.777778,3280,2.682927,2983,2.514247,1546,2.781371,787,2.668361,2.660000,0.000000,0.000000
after,野手,プレッシャーラン,blue,10000,2.980000,1404,1.851852,3280,2.682927,2983,3.218237,1546,4.075032,787,3.176620,2.660000,0.320000,1.293661
before,野手,ヘッドスライディング,blue,10000,15.860000,1404,14.601140,3280,15.914634,2983,14.616158,1546,16.429495,787,21.473952,15.860000,0.000000,0.000000
after,野手,ヘッドスライディング,blue,10000,19.340000,1404,7.905983,3280,15.914634,2983,22.192424,1546,28.654592,787,24.904701,15.860000,3.480000,12.225097
before,野手,ホーム死守,blue,10000,0.680000,1404,0.854701,3280,0.670732,2983,0.603419,1546,0.711514,787,0.635324,0.680000,0.000000,0.000000
after,野手,ホーム死守,blue,10000,0.690000,1404,0.498575,3280,0.670732,2983,0.636943,1546,1.034929,787,0.635324,0.680000,0.010000,0.356125
before,野手,ホーム突入,blue,10000,3.430000,1404,2.635328,3280,3.810976,2983,2.681864,1546,3.816300,787,5.336722,3.430000,0.000000,0.000000
after,野手,ホーム突入,blue,10000,3.790000,1404,1.638177,3280,3.810976,2983,3.519946,1546,5.109961,787,5.972046,3.430000,0.360000,1.293661
before,野手,マルチ弾,blue,10000,3.820000,1404,1.709402,3280,3.689024,2983,4.458599,1546,3.945666,787,5.463787,3.820000,0.000000,0.000000
after,野手,マルチ弾,blue,10000,4.100000,1404,0.925926,3280,3.689024,2983,4.927925,1546,5.239327,787,6.099111,3.820000,0.280000,1.293661
before,野手,ミート多用,green,10000,10.890000,1404,11.182336,3280,9.969512,2983,10.660409,1546,12.095731,787,12.706480,10.890000,0.000000,0.000000
after,野手,ミート多用,green,10000,10.890000,1404,11.182336,3280,9.969512,2983,10.660409,1546,12.095731,787,12.706480,10.890000,0.000000,0.000000
before,野手,ムード○,blue,10000,2.710000,1404,1.923077,3280,2.439024,2983,2.748910,1546,2.910737,787,4.701398,2.710000,0.000000,0.000000
after,野手,ムード○,blue,10000,2.970000,1404,1.282051,3280,2.439024,2983,3.285283,1546,3.945666,787,5.082592,2.710000,0.260000,1.034929
before,野手,ラインドライブ,blue,10000,3.680000,1404,3.133903,3280,3.810976,2983,3.151190,1546,3.557568,787,6.353240,3.680000,0.000000,0.000000
after,野手,ラインドライブ,blue,10000,3.940000,1404,2.136752,3280,3.810976,2983,3.855179,1546,4.592497,787,6.734435,3.680000,0.260000,1.034929
before,野手,リベンジ,blue,10000,1.960000,1404,1.210826,3280,1.951220,2983,1.944351,1546,2.652005,787,2.033037,1.960000,0.000000,0.000000
after,野手,リベンジ,blue,10000,2.320000,1404,0.569801,3280,1.951220,2983,2.480724,1546,4.204398,787,2.668361,1.960000,0.360000,1.552393
before,野手,レーザービーム,blue,10000,1.330000,1404,1.495726,3280,1.097561,2983,1.206839,1546,1.358344,787,2.414231,1.330000,0.000000,0.000000
after,野手,レーザービーム,blue,10000,1.430000,1404,0.997151,3280,1.097561,2983,1.475025,1546,1.875809,787,2.541296,1.330000,0.100000,0.517464
before,野手,ローボールヒッター,blue,10000,1.800000,1404,1.139601,3280,1.890244,2983,1.508548,1546,2.393273,787,2.541296,1.800000,0.000000,0.000000
after,野手,ローボールヒッター,blue,10000,2.050000,1404,0.712251,3280,1.890244,2983,1.977875,1546,3.298836,787,2.922490,1.800000,0.250000,0.905563
before,野手,三振,red,10000,35.830000,1404,33.689459,3280,34.603659,2983,34.596044,1546,37.322122,787,46.505718,35.830000,0.000000,0.000000
after,野手,三振,red,10000,38.030000,1404,21.581197,3280,34.603659,2983,40.697285,1546,48.253558,787,51.461245,35.830000,2.200000,12.108262
before,野手,人気者,green,10000,5.130000,1404,4.558405,3280,5.182927,2983,5.129065,1546,5.756792,787,4.701398,5.130000,0.000000,0.000000
after,野手,人気者,green,10000,5.130000,1404,4.558405,3280,5.182927,2983,5.129065,1546,5.756792,787,4.701398,5.130000,0.000000,0.000000
before,野手,代打○,blue,10000,2.270000,1404,1.210826,3280,2.378049,2983,2.145491,1546,2.393273,787,3.939009,2.270000,0.000000,0.000000
after,野手,代打○,blue,10000,2.620000,1404,0.641026,3280,2.378049,2983,2.547771,1546,4.075032,787,4.574333,2.270000,0.350000,1.681759
before,野手,併殺,red,10000,21.110000,1404,16.809117,3280,18.079268,2983,19.074757,1546,26.455369,787,38.627700,21.110000,0.000000,0.000000
after,野手,併殺,red,10000,23.030000,1404,11.039886,3280,18.079268,2983,23.265169,1546,34.346701,787,41.931385,21.110000,1.920000,7.891332
before,野手,内野安打○,blue,10000,16.250000,1404,15.811966,3280,17.560976,2983,16.325846,1546,13.389392,787,16.899619,16.250000,0.000000,0.000000
after,野手,内野安打○,blue,10000,18.420000,1404,10.327635,3280,17.560976,2983,21.656051,1546,20.504528,787,20.076239,16.250000,2.170000,7.115136
before,野手,初球○,blue,10000,5.770000,1404,3.774929,3280,5.152439,2983,5.866577,1546,6.921087,787,9.275731,5.770000,0.000000,0.000000
after,野手,初球○,blue,10000,6.530000,1404,2.564103,3280,5.152439,2983,7.207509,1546,9.896507,787,10.165184,5.770000,0.760000,2.975420
before,野手,固め打ち,blue,10000,23.950000,1404,19.373219,3280,23.048780,2983,23.734495,1546,24.644243,787,35.324015,23.950000,0.000000,0.000000
after,野手,固め打ち,blue,10000,28.000000,1404,10.683761,3280,23.048780,2983,32.349983,1546,39.197930,787,41.041931,23.950000,4.050000,14.553687
before,野手,国際大会×,red,10000,0.020000,1404,0.000000,3280,0.000000,2983,0.033523,1546,0.064683,787,0.000000,0.020000,0.000000,0.000000
after,野手,国際大会×,red,10000,0.020000,1404,0.000000,3280,0.000000,2983,0.033523,1546,0.064683,787,0.000000,0.020000,0.000000,0.000000
before,野手,国際大会○,blue,10000,4.130000,1404,2.991453,3280,3.597561,2983,4.358029,1546,3.751617,787,8.259212,4.130000,0.000000,0.000000
after,野手,国際大会○,blue,10000,4.360000,1404,1.994302,3280,3.597561,2983,4.961448,1546,4.786546,787,8.640407,4.130000,0.230000,1.034929
before,野手,守備職人,blue,10000,1.850000,1404,1.638177,3280,1.615854,2983,1.642642,1546,2.069858,787,3.557814,1.850000,0.000000,0.000000
after,野手,守備職人,blue,10000,2.080000,1404,1.139601,3280,1.615854,2983,2.145491,1546,2.910737,787,3.811944,1.850000,0.230000,0.840880
before,野手,対エース○,blue,10000,1.530000,1404,1.923077,3280,1.432927,2983,1.240362,1546,1.617076,787,2.160102,1.530000,0.000000,0.000000
after,野手,対エース○,blue,10000,1.770000,1404,0.783476,3280,1.432927,2983,1.776735,1546,2.846054,787,2.795426,1.530000,0.240000,1.228978
before,野手,対ストレート○,blue,10000,5.640000,1404,4.344729,3280,6.158537,2983,5.363728,1546,5.368693,787,7.369759,5.640000,0.000000,0.000000
after,野手,対ストレート○,blue,10000,5.970000,1404,3.133903,3280,6.158537,2983,6.067717,1546,7.050453,787,7.750953,5.640000,0.330000,1.681759
before,野手,対変化球○,blue,10000,2.800000,1404,1.851852,3280,2.621951,2983,2.581294,1546,3.298836,787,5.082592,2.800000,0.000000,0.000000
after,野手,対変化球○,blue,10000,3.190000,1404,1.139601,3280,2.621951,2983,3.519946,1546,4.398448,787,5.590851,2.800000,0.390000,1.099612
before,野手,帳尻合わせ,blue,10000,2.170000,1404,1.638177,3280,2.286585,2983,1.843781,1546,2.134541,787,3.939009,2.170000,0.000000,0.000000
after,野手,帳尻合わせ,blue,10000,2.530000,1404,1.210826,3280,2.286585,2983,2.480724,1546,3.363519,787,4.447268,2.170000,0.360000,1.228978
before,野手,広角打法,blue,10000,3.410000,1404,3.276353,3280,2.804878,2983,4.022796,1546,3.363519,787,3.939009,3.410000,0.000000,0.000000
after,野手,広角打法,blue,10000,3.660000,1404,2.207977,3280,2.804878,2983,4.626215,1546,4.592497,787,4.320203,3.410000,0.250000,1.228978
before,野手,強振多用,green,10000,10.700000,1404,10.327635,3280,10.304878,2983,10.157560,1546,11.707633,787,13.087675,10.700000,0.000000,0.000000
after,野手,強振多用,green,10000,10.700000,1404,10.327635,3280,10.304878,2983,10.157560,1546,11.707633,787,13.087675,10.700000,0.000000,0.000000
before,野手,悪球打ち,mixed,10000,0.980000,1404,1.139601,3280,0.945122,2983,0.603419,1546,1.228978,787,1.778907,0.980000,0.000000,0.000000
after,野手,悪球打ち,mixed,10000,1.160000,1404,0.569801,3280,0.945122,2983,0.871606,1546,2.069858,787,2.414231,0.980000,0.180000,0.840880
before,野手,意外性,blue,10000,3.650000,1404,3.774929,3280,4.054878,2983,3.050620,1546,3.298836,787,4.701398,3.650000,0.000000,0.000000
after,野手,意外性,blue,10000,3.810000,1404,2.350427,3280,4.054878,2983,3.486423,1546,4.269082,787,5.717916,3.650000,0.160000,1.424501
before,野手,慎重打法,green,10000,10.230000,1404,8.547009,3280,10.853659,2983,10.828025,1546,9.961190,787,8.894536,10.230000,0.000000,0.000000
after,野手,慎重打法,green,10000,10.230000,1404,8.547009,3280,10.853659,2983,10.828025,1546,9.961190,787,8.894536,10.230000,0.000000,0.000000
before,野手,慎重盗塁,green,10000,10.630000,1404,10.185185,3280,10.487805,2983,11.330875,1546,9.573092,787,11.435832,10.630000,0.000000,0.000000
after,野手,慎重盗塁,green,10000,10.630000,1404,10.185185,3280,10.487805,2983,11.330875,1546,9.573092,787,11.435832,10.630000,0.000000,0.000000
before,野手,死球集中,mixed,10000,0.890000,1404,0.712251,3280,0.884146,2983,0.938652,1546,0.776197,787,1.270648,0.890000,0.000000,0.000000
after,野手,死球集中,mixed,10000,1.040000,1404,0.284900,3280,0.884146,2983,1.340932,1546,1.164295,787,1.651842,0.890000,0.150000,0.427350
before,野手,決勝打,blue,10000,18.270000,1404,15.883191,3280,17.469512,2983,17.432115,1546,18.887451,787,27.827192,18.270000,0.000000,0.000000
after,野手,決勝打,blue,10000,22.590000,1404,9.330484,3280,17.469512,2983,25.913510,1546,34.023286,787,32.528590,18.270000,4.320000,15.135834
before,野手,流し打ち,blue,10000,12.800000,1404,10.897436,3280,12.286585,2983,12.738854,1546,12.548512,787,19.059720,12.800000,0.000000,0.000000
after,野手,流し打ち,blue,10000,12.700000,1404,8.404558,3280,12.408537,2983,13.074086,1546,13.065977,787,19.440915,12.800000,-0.100000,2.492877
before,野手,満塁男,blue,10000,12.710000,1404,8.119658,3280,11.920732,2983,13.342273,1546,13.842173,787,19.567980,12.710000,0.000000,0.000000
after,野手,満塁男,blue,10000,16.000000,1404,5.270655,3280,11.920732,2983,19.275897,1546,24.902975,787,22.236341,12.710000,3.290000,11.060802
before,野手,積極守備,green,10000,10.820000,1404,10.826211,3280,10.609756,2983,10.459269,1546,11.448900,787,11.817027,10.820000,0.000000,0.000000
after,野手,積極守備,green,10000,10.820000,1404,10.826211,3280,10.609756,2983,10.459269,1546,11.448900,787,11.817027,10.820000,0.000000,0.000000
before,野手,積極打法,green,10000,10.740000,1404,8.618234,3280,11.402439,2983,10.861549,1546,11.319534,787,10.165184,10.740000,0.000000,0.000000
after,野手,積極打法,green,10000,10.740000,1404,8.618234,3280,11.402439,2983,10.861549,1546,11.319534,787,10.165184,10.740000,0.000000,0.000000
before,野手,積極盗塁,green,10000,10.880000,1404,9.971510,3280,12.164634,2983,10.995642,1546,9.508409,787,9.402795,10.880000,0.000000,0.000000
after,野手,積極盗塁,green,10000,10.880000,1404,9.971510,3280,12.164634,2983,10.995642,1546,9.508409,787,9.402795,10.880000,0.000000,0.000000
before,野手,積極走塁,green,10000,11.460000,1404,10.256410,3280,12.134146,2983,11.800201,1546,11.060802,787,10.292249,11.460000,0.000000,0.000000
after,野手,積極走塁,green,10000,11.460000,1404,10.256410,3280,12.134146,2983,11.800201,1546,11.060802,787,10.292249,11.460000,0.000000,0.000000
before,野手,窮地○,blue,10000,3.040000,1404,1.851852,3280,3.323171,2983,3.017097,1546,2.910737,787,4.320203,3.040000,0.000000,0.000000
after,野手,窮地○,blue,10000,3.440000,1404,1.068376,3280,3.323171,2983,3.721086,1546,4.398448,787,5.209657,3.040000,0.400000,1.487710
before,野手,粘り打ち,blue,10000,4.770000,1404,4.558405,3280,4.908537,2983,4.290982,1546,4.333765,787,7.242694,4.770000,0.000000,0.000000
after,野手,粘り打ち,blue,10000,4.910000,1404,2.920228,3280,4.908537,2983,5.062018,1546,4.915912,787,7.878018,4.770000,0.140000,1.638177
before,野手,逆境○,blue,10000,5.860000,1404,4.700855,3280,5.640244,2983,5.833054,1546,6.080207,787,8.513342,5.860000,0.000000,0.000000
after,野手,逆境○,blue,10000,6.290000,1404,2.991453,3280,5.640244,2983,6.604090,1546,8.602846,787,9.148666,5.860000,0.430000,2.522639
before,野手,選球眼,green,10000,8.190000,1404,7.905983,3280,7.560976,2983,7.945022,1546,9.379043,787,9.911055,8.190000,0.000000,0.000000
after,野手,選球眼,green,10000,8.250000,1404,5.769231,3280,7.560976,2983,8.548441,1546,10.478655,787,10.038119,8.190000,0.060000,2.136752
before,野手,野手存在感,blue,10000,1.240000,1404,0.854701,3280,1.128049,2983,1.374455,1546,1.164295,787,2.033037,1.240000,0.000000,0.000000
after,野手,野手存在感,blue,10000,1.500000,1404,0.284900,3280,1.128049,2983,2.011398,1546,1.875809,787,2.541296,1.240000,0.260000,0.711514
before,野手,野手調子安定,green,10000,7.830000,1404,7.122507,3280,7.195122,2983,8.112638,1546,8.926261,787,8.513342,7.830000,0.000000,0.000000
after,野手,野手調子安定,green,10000,7.840000,1404,5.626781,3280,7.195122,2983,8.481395,1546,9.573092,787,8.640407,7.830000,0.010000,1.495726
before,野手,野手調子極端,green,10000,2.070000,1404,1.495726,3280,2.225610,2983,1.910828,1546,2.393273,787,2.414231,2.070000,0.000000,0.000000
after,野手,野手調子極端,green,10000,2.280000,1404,0.712251,3280,2.225610,2983,2.447201,1546,3.169470,787,2.922490,2.070000,0.210000,0.783476
before,野手,高速チャージ,blue,10000,0.980000,1404,0.569801,3280,1.067073,2983,0.838082,1546,1.164295,787,1.524778,0.980000,0.000000,0.000000
after,野手,高速チャージ,blue,10000,1.110000,1404,0.142450,3280,1.067073,2983,1.206839,1546,1.552393,787,1.778907,0.980000,0.130000,0.427350
