dataset,role,player_class,age_band,n,mean,p90,rate_5plus_pct,rate_8plus_pct,rate_10plus_pct,small_sample
after,投手,スター級,18～22,49,7.673469,9.000000,100.000000,55.102041,8.163265,False
after,投手,スター級,23～26,99,7.595960,9.000000,100.000000,48.484848,4.040404,False
after,投手,スター級,27～30,92,8.402174,10.000000,100.000000,77.173913,19.565217,False
after,投手,スター級,31～34,52,8.615385,10.000000,100.000000,78.846154,21.153846,False
after,投手,スター級,35+,28,7.357143,9.000000,100.000000,39.285714,3.571429,True
after,投手,ベテラン型,23～26,381,5.884514,8.000000,80.839895,14.435696,1.574803,False
after,投手,ベテラン型,27～30,378,6.656085,9.000000,91.534392,29.100529,5.555556,False
after,投手,ベテラン型,31～34,223,6.542601,9.000000,90.134529,27.354260,4.932735,False
after,投手,ベテラン型,35+,315,5.742857,8.000000,71.746032,17.142857,1.587302,False
after,投手,一軍主力級,18～22,314,4.961783,7.000000,58.917197,7.643312,0.318471,False
after,投手,一軍主力級,23～26,627,5.740032,8.000000,74.322169,14.354067,1.275917,False
after,投手,一軍主力級,27～30,639,6.851330,9.000000,93.270736,30.985915,7.668232,False
after,投手,一軍主力級,31～34,356,6.719101,9.000000,92.977528,31.460674,6.179775,False
after,投手,一軍主力級,35+,323,5.860681,8.000000,77.399381,15.479876,1.238390,False
after,投手,一軍控え級,18～22,361,2.875346,5.000000,14.681440,0.277008,0.000000,False
after,投手,一軍控え級,23～26,730,3.883562,6.000000,36.027397,1.232877,0.000000,False
after,投手,一軍控え級,27～30,626,4.448882,7.000000,47.444089,3.674121,0.000000,False
after,投手,一軍控え級,31～34,383,4.449086,7.000000,46.475196,3.133159,0.000000,False
after,投手,一軍控え級,35+,66,3.606061,5.500000,31.818182,0.000000,0.000000,False
after,投手,二軍級,18～22,452,1.940265,4.000000,2.876106,0.000000,0.000000,False
after,投手,二軍級,23～26,909,2.063806,4.000000,4.180418,0.000000,0.000000,False
after,投手,二軍級,27～30,809,2.108776,4.000000,4.944376,0.000000,0.000000,False
after,投手,二軍級,31～34,462,2.034632,4.000000,4.112554,0.000000,0.000000,False
after,投手,二軍級,35+,31,1.806452,3.000000,0.000000,0.000000,0.000000,False
after,投手,若手素材型,18～22,295,1.474576,3.000000,3.050847,0.000000,0.000000,False
after,投手,若手素材型,23～26,578,2.192042,4.000000,4.671280,0.000000,0.000000,False
after,投手,若手素材型,27～30,422,2.106635,4.000000,5.213270,0.000000,0.000000,False
after,野手,スター級,18～22,37,7.945946,9.400000,100.000000,62.162162,10.810811,False
after,野手,スター級,23～26,91,8.637363,11.000000,100.000000,81.318681,26.373626,False
after,野手,スター級,27～30,72,10.208333,12.000000,100.000000,93.055556,63.888889,False
after,野手,スター級,31～34,61,10.672131,12.000000,100.000000,100.000000,85.245902,False
after,野手,スター級,35+,36,8.972222,11.000000,100.000000,77.777778,33.333333,False
after,野手,ベテラン型,23～26,402,6.330846,9.000000,83.333333,26.119403,7.213930,False
after,野手,ベテラン型,27～30,369,7.769648,10.000000,96.205962,56.368564,20.867209,False
after,野手,ベテラン型,31～34,220,8.481818,11.000000,95.454545,71.363636,34.090909,False
after,野手,ベテラン型,35+,308,6.574675,9.000000,88.311688,27.922078,7.142857,False
after,野手,一軍主力級,18～22,323,4.352941,7.000000,41.795666,4.953560,0.309598,False
after,野手,一軍主力級,23～26,634,6.342271,9.000000,82.965300,23.659306,5.993691,False
after,野手,一軍主力級,27～30,642,8.124611,10.000000,99.688474,59.968847,21.651090,False
after,野手,一軍主力級,31～34,332,9.006024,11.000000,99.096386,80.722892,36.144578,False
after,野手,一軍主力級,35+,329,6.696049,9.000000,91.489362,31.306991,6.382979,False
after,野手,一軍控え級,18～22,357,2.375350,5.000000,11.484594,0.280112,0.000000,False
after,野手,一軍控え級,23～26,757,4.332893,7.000000,43.857332,4.755614,0.264201,False
after,野手,一軍控え級,27～30,669,5.357250,8.000000,65.470852,12.257100,0.597907,False
after,野手,一軍控え級,31～34,449,6.122494,9.000000,79.732739,24.498886,2.895323,False
after,野手,一軍控え級,35+,79,4.607595,7.000000,48.101266,6.329114,0.000000,False
after,野手,二軍級,18～22,422,2.030806,4.000000,5.924171,0.000000,0.000000,False
after,野手,二軍級,23～26,861,2.278746,4.000000,7.200929,0.000000,0.000000,False
after,野手,二軍級,27～30,819,2.246642,4.000000,7.570208,0.000000,0.000000,False
after,野手,二軍級,31～34,484,2.299587,4.000000,5.991736,0.206612,0.000000,False
after,野手,二軍級,35+,35,2.114286,4.000000,2.857143,0.000000,0.000000,False
after,野手,若手素材型,18～22,265,1.626415,4.000000,2.641509,0.000000,0.000000,False
after,野手,若手素材型,23～26,535,2.360748,4.000000,9.719626,0.000000,0.000000,False
after,野手,若手素材型,27～30,412,2.400485,4.000000,8.980583,0.000000,0.000000,False
before,投手,スター級,18～22,49,7.673469,9.000000,100.000000,55.102041,8.163265,False
before,投手,スター級,23～26,99,7.595960,9.000000,100.000000,48.484848,4.040404,False
before,投手,スター級,27～30,92,7.413043,9.000000,100.000000,45.652174,4.347826,False
before,投手,スター級,31～34,52,7.615385,9.000000,100.000000,50.000000,9.615385,False
before,投手,スター級,35+,28,7.357143,9.000000,100.000000,39.285714,3.571429,True
before,投手,ベテラン型,23～26,381,5.884514,8.000000,80.839895,14.435696,1.574803,False
before,投手,ベテラン型,27～30,378,5.738095,8.000000,76.719577,13.492063,1.851852,False
before,投手,ベテラン型,31～34,223,5.636771,8.000000,72.645740,13.452915,0.896861,False
before,投手,ベテラン型,35+,315,5.742857,8.000000,71.746032,17.142857,1.587302,False
before,投手,一軍主力級,18～22,314,5.920382,8.000000,76.751592,16.560510,2.229299,False
before,投手,一軍主力級,23～26,627,5.738437,8.000000,74.322169,14.354067,1.275917,False
before,投手,一軍主力級,27～30,639,5.871674,8.000000,77.934272,16.431925,2.347418,False
before,投手,一軍主力級,31～34,356,5.733146,8.000000,75.842697,16.573034,1.685393,False
before,投手,一軍主力級,35+,323,5.857585,8.000000,77.399381,15.479876,1.238390,False
before,投手,一軍控え級,18～22,361,3.781163,6.000000,32.409972,1.108033,0.000000,False
before,投手,一軍控え級,23～26,730,3.883562,6.000000,36.027397,1.232877,0.000000,False
before,投手,一軍控え級,27～30,626,3.731629,6.000000,29.712460,1.757188,0.000000,False
before,投手,一軍控え級,31～34,383,3.759791,6.000000,31.070496,1.305483,0.000000,False
before,投手,一軍控え級,35+,66,3.606061,5.500000,31.818182,0.000000,0.000000,False
before,投手,二軍級,18～22,452,1.940265,4.000000,2.876106,0.000000,0.000000,False
before,投手,二軍級,23～26,909,2.063806,4.000000,4.180418,0.000000,0.000000,False
before,投手,二軍級,27～30,809,2.108776,4.000000,4.944376,0.000000,0.000000,False
before,投手,二軍級,31～34,462,2.034632,4.000000,4.112554,0.000000,0.000000,False
before,投手,二軍級,35+,31,1.806452,3.000000,0.000000,0.000000,0.000000,False
before,投手,若手素材型,18～22,295,2.183051,4.000000,5.762712,0.000000,0.000000,False
before,投手,若手素材型,23～26,578,2.192042,4.000000,4.671280,0.000000,0.000000,False
before,投手,若手素材型,27～30,422,2.106635,4.000000,5.213270,0.000000,0.000000,False
before,野手,スター級,18～22,37,7.945946,9.400000,100.000000,62.162162,10.810811,False
before,野手,スター級,23～26,91,8.626374,11.000000,100.000000,81.318681,26.373626,False
before,野手,スター級,27～30,72,8.513889,10.900000,100.000000,73.611111,29.166667,False
before,野手,スター級,31～34,61,8.016393,10.000000,100.000000,59.016393,14.754098,False
before,野手,スター級,35+,36,8.305556,10.500000,100.000000,69.444444,30.555556,False
before,野手,ベテラン型,23～26,402,6.325871,9.000000,83.084577,26.119403,7.213930,False
before,野手,ベテラン型,27～30,369,6.241192,9.000000,80.216802,27.100271,4.336043,False
before,野手,ベテラン型,31～34,220,6.327273,9.000000,83.636364,27.272727,5.909091,False
before,野手,ベテラン型,35+,308,6.107143,9.000000,82.467532,20.454545,3.896104,False
before,野手,一軍主力級,18～22,323,6.170279,9.000000,79.876161,22.600619,4.643963,False
before,野手,一軍主力級,23～26,634,6.337539,9.000000,82.807571,23.659306,5.993691,False
before,野手,一軍主力級,27～30,642,6.267913,9.000000,83.021807,26.012461,4.049844,False
before,野手,一軍主力級,31～34,332,6.168675,9.000000,81.325301,23.493976,4.819277,False
before,野手,一軍主力級,35+,329,6.000000,8.000000,78.419453,20.972644,1.519757,False
before,野手,一軍控え級,18～22,357,4.201681,7.000000,40.896359,4.201681,0.280112,False
before,野手,一軍控え級,23～26,757,4.332893,7.000000,43.857332,4.755614,0.264201,False
before,野手,一軍控え級,27～30,669,4.418535,7.000000,45.739910,5.082212,0.149477,False
before,野手,一軍控え級,31～34,449,4.389755,7.000000,45.434298,6.236080,0.000000,False
before,野手,一軍控え級,35+,79,4.126582,6.200000,40.506329,1.265823,0.000000,False
before,野手,二軍級,18～22,422,2.030806,4.000000,5.924171,0.000000,0.000000,False
before,野手,二軍級,23～26,861,2.278746,4.000000,7.200929,0.000000,0.000000,False
before,野手,二軍級,27～30,819,2.246642,4.000000,7.570208,0.000000,0.000000,False
before,野手,二軍級,31～34,484,2.299587,4.000000,5.991736,0.206612,0.000000,False
before,野手,二軍級,35+,35,2.114286,4.000000,2.857143,0.000000,0.000000,False
before,野手,若手素材型,18～22,265,2.184906,4.000000,6.792453,0.000000,0.000000,False
before,野手,若手素材型,23～26,535,2.360748,4.000000,9.719626,0.000000,0.000000,False
before,野手,若手素材型,27～30,412,2.400485,4.000000,8.980583,0.000000,0.000000,False
