dataset,role,age_band,n,mean,median,p25,p75,p90,max,rate_0_pct,rate_1_2_pct,rate_3_4_pct,rate_5plus_pct,rate_8plus_pct,rate_10plus_pct,small_sample
real,投手,18～22,57,2.912281,2.000000,1.000000,3.000000,5.400000,13,5.263158,50.877193,26.315789,17.543860,7.017544,1.754386,False
real,投手,23～26,130,3.707692,3.500000,2.000000,5.000000,6.000000,10,5.384615,29.230769,30.769231,34.615385,4.615385,0.769231,False
real,投手,27～30,130,5.046154,5.000000,3.000000,6.000000,8.000000,12,0.000000,13.076923,29.230769,57.692308,12.307692,3.846154,False
real,投手,31～34,57,5.245614,5.000000,4.000000,6.000000,9.000000,13,0.000000,8.771930,35.087719,56.140351,17.543860,8.771930,False
real,投手,35+,28,6.250000,7.000000,4.000000,8.000000,9.000000,10,0.000000,0.000000,28.571429,71.428571,35.714286,3.571429,True
real,野手,18～22,56,2.232143,2.000000,1.000000,3.000000,5.000000,6,12.500000,46.428571,28.571429,12.500000,0.000000,0.000000,False
real,野手,23～26,133,3.706767,3.000000,2.000000,5.000000,7.800000,12,9.022556,29.323308,30.827068,30.827068,10.526316,3.759398,False
real,野手,27～30,108,5.333333,5.000000,3.000000,7.000000,9.000000,14,2.777778,12.037037,26.851852,58.333333,20.370370,6.481481,False
real,野手,31～34,59,6.542373,7.000000,5.000000,8.000000,11.000000,13,5.084746,6.779661,10.169492,77.966102,35.593220,18.644068,False
real,野手,35+,33,7.666667,8.000000,6.000000,10.000000,10.800000,13,0.000000,0.000000,18.181818,81.818182,51.515152,30.303030,False
saved_generated,投手,18～22,171,3.385965,3.000000,2.000000,4.500000,6.000000,9,7.017544,29.239766,38.596491,25.146199,3.508772,0.000000,False
saved_generated,投手,23～26,357,3.778711,4.000000,2.000000,5.000000,7.000000,11,4.761905,29.131653,31.092437,35.014006,7.282913,0.560224,False
saved_generated,投手,27～30,308,3.756494,3.500000,2.000000,5.000000,7.000000,11,4.545455,28.896104,30.194805,36.363636,6.493506,0.974026,False
saved_generated,投手,31～34,166,3.975904,4.000000,2.000000,6.000000,7.000000,11,1.204819,28.313253,33.132530,37.349398,7.228916,0.602410,False
saved_generated,投手,35+,73,5.410959,5.000000,4.000000,7.000000,8.000000,9,2.739726,5.479452,17.808219,73.972603,12.328767,0.000000,False
saved_generated,野手,18～22,167,3.682635,3.000000,2.000000,5.000000,7.000000,11,4.191617,32.934132,27.544910,35.329341,7.185629,1.197605,False
saved_generated,野手,23～26,347,4.089337,4.000000,2.000000,6.000000,7.000000,11,4.899135,23.919308,26.801153,44.380403,7.780980,2.017291,False
saved_generated,野手,27～30,323,4.374613,4.000000,2.000000,6.000000,8.000000,12,3.405573,24.148607,26.934985,45.510836,12.383901,2.786378,False
saved_generated,野手,31～34,167,4.568862,4.000000,2.000000,6.000000,8.000000,11,5.389222,20.359281,27.544910,46.706587,15.568862,4.191617,False
saved_generated,野手,35+,73,5.931507,6.000000,5.000000,7.000000,8.800000,12,0.000000,4.109589,17.808219,78.082192,21.917808,2.739726,False
before,投手,18～22,1471,3.481305,3.000000,2.000000,5.000000,7.000000,11,6.390211,32.154997,31.747111,29.707682,5.642420,0.747791,False
before,投手,23～26,3324,3.781588,4.000000,2.000000,5.000000,7.000000,12,4.211793,28.971119,30.685921,36.131167,6.077016,0.541516,False
before,投手,27～30,2966,3.888739,4.000000,2.000000,6.000000,7.000000,11,4.585300,27.006069,30.377613,38.031018,7.046527,0.876601,False
before,投手,31～34,1476,4.115176,4.000000,2.000000,6.000000,7.000000,12,4.065041,21.951220,31.842818,42.140921,8.130081,0.880759,False
before,投手,35+,763,5.505898,5.000000,4.000000,7.000000,8.000000,12,0.393185,5.242464,25.557012,68.807339,15.072084,1.310616,False
before,野手,18～22,1404,3.720085,3.000000,2.000000,5.000000,7.000000,12,6.125356,30.840456,28.561254,34.472934,7.905983,1.424501,False
before,野手,23～26,3280,4.222866,4.000000,2.000000,6.000000,8.000000,14,4.481707,24.054878,28.902439,42.560976,11.128049,2.835366,False
before,野手,27～30,2983,4.265840,4.000000,2.000000,6.000000,8.000000,13,4.156889,22.862890,29.198793,43.781428,11.867248,2.145491,False
before,野手,31～34,1546,4.536223,4.000000,3.000000,6.000000,8.000000,12,2.199224,21.345408,28.072445,48.382924,13.130660,2.457956,False
before,野手,35+,787,5.786531,6.000000,4.000000,7.000000,9.000000,12,0.381194,4.447268,21.346887,73.824651,20.076239,3.557814,False
after,投手,18～22,1471,2.912305,3.000000,1.000000,4.000000,6.000000,11,11.420802,36.301835,31.271244,21.006118,3.535010,0.339905,False
after,投手,23～26,3324,3.781889,4.000000,2.000000,5.000000,7.000000,12,4.211793,28.971119,30.685921,36.131167,6.077016,0.541516,False
after,投手,27～30,2966,4.398854,4.000000,2.000000,6.000000,8.000000,12,4.585300,24.342549,24.106541,46.965610,13.553608,2.966959,False
after,投手,31～34,1476,4.703930,5.000000,3.000000,7.000000,8.000000,13,4.065041,19.105691,23.915989,52.913279,15.311653,2.981030,False
after,投手,35+,763,5.507208,5.000000,4.000000,7.000000,8.000000,12,0.393185,5.242464,25.557012,68.807339,15.072084,1.310616,False
after,野手,18～22,1404,2.732194,2.000000,1.000000,4.000000,5.000000,12,10.968661,41.025641,30.555556,17.450142,2.849003,0.356125,False
after,野手,23～26,3280,4.224695,4.000000,2.000000,6.000000,8.000000,14,4.481707,23.963415,28.932927,42.621951,11.128049,2.835366,False
after,野手,27～30,2983,5.105934,5.000000,3.000000,7.000000,9.000000,14,4.156889,20.549782,21.521958,53.771371,24.874288,8.917197,False
after,野手,31～34,1546,6.060155,6.000000,3.000000,9.000000,10.000000,14,2.199224,16.688228,17.270375,63.842173,38.615783,16.817594,False
after,野手,35+,787,6.339263,6.000000,5.000000,8.000000,9.000000,12,0.381194,3.430750,13.850064,82.337992,28.208386,6.988564,False
