dataset,role,score_band,age_band,n,mean,p90,rate_5plus_pct,rate_8plus_pct,rate_10plus_pct
after,投手,Q1,18～22,728,2.133242,4.000000,8.516484,0.412088,0.137363
after,投手,Q1,23～26,830,2.763855,5.000000,16.144578,1.807229,0.000000
after,投手,Q1,27～30,535,2.738318,5.000000,15.140187,2.616822,0.560748
after,投手,Q1,31～34,275,2.807273,6.000000,17.454545,2.909091,0.000000
after,投手,Q1,35+,132,4.856061,8.000000,53.030303,11.363636,0.757576
after,投手,Q2,18～22,380,3.084211,6.000000,22.631579,2.368421,0.526316
after,投手,Q2,23～26,842,3.586698,7.000000,32.660333,4.631829,0.712589
after,投手,Q2,27～30,708,3.634181,7.000000,33.757062,7.909605,1.977401
after,投手,Q2,31～34,381,4.262467,8.000000,46.719160,12.073491,2.099738
after,投手,Q2,35+,189,5.539683,8.000000,69.841270,16.931217,0.000000
after,投手,Q3,18～22,244,3.975410,7.000000,36.885246,8.196721,0.409836
after,投手,Q3,23～26,838,3.905728,7.000000,38.902148,6.563246,0.238663
after,投手,Q3,27～30,777,4.598456,8.000000,51.737452,15.057915,2.187902
after,投手,Q3,31～34,414,5.135266,8.000000,60.869565,17.874396,3.623188
after,投手,Q3,35+,227,5.488987,8.000000,70.044053,12.775330,1.762115
after,投手,Q4,18～22,119,4.949580,8.000000,59.663866,16.806723,0.840336
after,投手,Q4,23～26,814,4.894349,8.000000,57.248157,11.425061,1.228501
after,投手,Q4,27～30,946,5.746300,9.000000,70.930233,22.727273,5.708245
after,投手,Q4,31～34,406,5.963054,9.000000,74.630542,24.137931,5.172414
after,投手,Q4,35+,215,5.897674,8.000000,76.279070,18.139535,2.325581
after,野手,Q1,18～22,752,2.095745,4.000000,7.446809,0.930851,0.265957
after,野手,Q1,23～26,850,2.870588,6.000000,19.647059,2.470588,0.235294
after,野手,Q1,27～30,452,2.464602,5.000000,11.504425,1.106195,0.221239
after,野手,Q1,31～34,254,2.763780,5.000000,14.960630,1.574803,0.393701
after,野手,Q1,35+,192,5.229167,8.000000,60.937500,20.312500,3.645833
after,野手,Q2,18～22,358,2.896648,6.000000,19.832402,2.513966,0.279330
after,野手,Q2,23～26,845,3.589349,7.000000,31.005917,7.337278,1.420118
after,野手,Q2,27～30,722,3.466759,7.000000,28.116343,7.617729,2.631579
after,野手,Q2,31～34,373,4.265416,9.000000,38.873995,18.230563,5.898123
after,野手,Q2,35+,202,6.128713,9.000000,81.683168,20.792079,5.940594
after,野手,Q3,18～22,207,3.739130,6.000000,32.367150,3.381643,0.966184
after,野手,Q3,23～26,886,4.696388,8.000000,51.467269,11.851016,2.483070
after,野手,Q3,27～30,816,5.200980,9.000000,58.578431,22.671569,6.740196
after,野手,Q3,31～34,380,6.623684,10.000000,75.526316,40.526316,13.421053
after,野手,Q3,35+,211,6.834123,9.000000,90.995261,31.753555,9.004739
after,野手,Q4,18～22,87,5.160920,8.000000,58.620690,19.540230,0.000000
after,野手,Q4,23～26,699,6.041488,9.000000,73.390558,25.321888,8.154506
after,野手,Q4,27～30,993,7.421954,10.000000,87.713998,50.050352,19.234642
after,野手,Q4,31～34,539,8.458256,11.000000,95.918367,68.831169,34.508349
after,野手,Q4,35+,182,7.170330,9.000000,95.604396,40.659341,9.340659
before,投手,Q1,18～22,728,2.572802,5.000000,14.148352,1.236264,0.137363
before,投手,Q1,23～26,830,2.763855,5.000000,16.144578,1.807229,0.000000
before,投手,Q1,27～30,535,2.663551,5.000000,14.579439,1.308411,0.000000
before,投手,Q1,31～34,275,2.716364,5.000000,15.636364,1.818182,0.000000
before,投手,Q1,35+,132,4.848485,8.000000,53.030303,11.363636,0.757576
before,投手,Q2,18～22,380,3.752632,7.000000,32.631579,6.315789,0.526316
before,投手,Q2,23～26,842,3.586698,7.000000,32.660333,4.631829,0.712589
before,投手,Q2,27～30,708,3.326271,6.000000,28.531073,5.225989,0.423729
before,投手,Q2,31～34,381,3.795276,7.000000,35.958005,6.824147,0.524934
before,投手,Q2,35+,189,5.539683,8.000000,69.841270,16.931217,0.000000
before,投手,Q3,18～22,244,4.741803,8.000000,53.278689,11.475410,2.459016
before,投手,Q3,23～26,838,3.904535,7.000000,38.902148,6.563246,0.238663
before,投手,Q3,27～30,777,4.020592,7.000000,41.441441,6.692407,0.643501
before,投手,Q3,31～34,414,4.432367,7.000000,46.859903,9.661836,0.724638
before,投手,Q3,35+,227,5.488987,8.000000,70.044053,12.775330,1.762115
before,投手,Q4,18～22,119,5.588235,8.200000,67.226891,18.487395,1.680672
before,投手,Q4,23～26,814,4.894349,8.000000,57.248157,11.425061,1.228501
before,投手,Q4,27～30,946,4.894292,8.000000,55.602537,11.945032,1.902748
before,投手,Q4,31～34,406,5.039409,8.000000,61.083744,12.068966,1.970443
before,投手,Q4,35+,215,5.897674,8.000000,76.279070,18.139535,2.325581
before,野手,Q1,18～22,752,2.787234,5.000000,17.686170,2.127660,0.930851
before,野手,Q1,23～26,850,2.870588,6.000000,19.647059,2.470588,0.235294
before,野手,Q1,27～30,452,2.464602,5.000000,11.504425,1.106195,0.221239
before,野手,Q1,31～34,254,2.763780,5.000000,14.960630,1.574803,0.393701
before,野手,Q1,35+,192,5.229167,8.000000,60.937500,20.312500,3.645833
before,野手,Q2,18～22,358,4.072626,7.000000,39.944134,9.217877,1.396648
before,野手,Q2,23～26,845,3.588166,7.000000,31.005917,7.337278,1.420118
before,野手,Q2,27～30,722,3.159280,6.000000,22.576177,4.155125,0.692521
before,野手,Q2,31～34,373,3.611260,7.000000,31.635389,8.042895,0.804290
before,野手,Q2,35+,202,5.673267,8.000000,73.267327,15.841584,1.980198
before,野手,Q3,18～22,207,5.275362,8.000000,65.217391,14.975845,1.449275
before,野手,Q3,23～26,886,4.694131,8.000000,51.241535,11.851016,2.483070
before,野手,Q3,27～30,816,4.270833,7.000000,44.730392,9.436275,1.225490
before,野手,Q3,31～34,380,4.665789,8.000000,51.315789,11.578947,2.105263
before,野手,Q3,35+,211,5.952607,9.000000,78.199052,20.853081,4.265403
before,野手,Q4,18～22,87,6.632184,9.000000,83.908046,35.632184,5.747126
before,野手,Q4,23～26,699,6.037196,9.000000,73.390558,25.321888,8.154506
before,野手,Q4,27～30,993,5.886203,9.000000,73.111782,24.370594,4.833837
before,野手,Q4,31～34,539,5.920223,9.000000,73.654917,23.191095,4.823748
before,野手,Q4,35+,182,6.307692,9.000000,82.967033,23.626374,4.395604
