category,target,metric,real_value,first_adjustment_value,second_adjustment_value,first_minus_real,second_minus_real,improvement_abs_diff,assessment
direct_target,二塁手ミート,mean,46.813953,41.98275862068966,44.56702282661486,-4.83119437931034,-2.246930173385138,2.5842642059252015,改善
direct_target,二塁手ミート,std,8.206431,12.446414420688404,10.338302371246614,4.239983420688404,2.131871371246614,2.1081120494417895,改善
direct_target,二塁手ミート,P10,37.0,26.0,33.0,-11.0,-4.0,7.0,改善
direct_target,二塁手ミート,P25,41.0,34.0,40.0,-7.0,-1.0,6.0,改善
direct_target,二塁手ミート,P50,46.0,42.0,44.0,-4.0,-2.0,2.0,改善
direct_target,二塁手ミート,39以下率,13.953488,42.326372025254976,23.288003885381254,28.372884025254976,9.334515885381254,19.03836813987372,改善
direct_target,二塁手ミート,50以上率,30.232558,25.959203496843124,25.959203496843124,-4.273354503156877,-4.273354503156877,0.0,維持
direct_target,二塁手守備,50以上率,88.372093,87.73676542010685,87.73676542010685,-0.6353275798931577,-0.6353275798931577,0.0,維持
direct_target,二塁手守備,60以上率,51.162791,25.934919864011658,35.59980573093735,-25.22787113598834,-15.56298526906265,9.66488586692569,改善
direct_target,二塁手守備,70以上率,9.302326,4.3710539096648855,4.3710539096648855,-4.931272090335115,-4.931272090335115,0.0,維持
direct_target,二塁手守備,80以上率,4.651163,0.48567265662943176,0.48567265662943176,-4.165490343370569,-4.165490343370569,0.0,維持
direct_target,二塁手守備,P10,48.4,47.0,47.0,-1.3999999999999986,-1.3999999999999986,0.0,維持
direct_target,二塁手守備,P25,52.0,50.0,50.0,-2.0,-2.0,0.0,維持
direct_target,二塁手守備,P50,60.0,55.0,56.0,-5.0,-4.0,1.0,改善
direct_target,二塁手守備,P75,64.5,60.0,61.0,-4.5,-3.5,1.0,改善
direct_target,二塁手走守,走力70＋守備60以上率,34.883721,22.94803302574065,32.61291889266634,-11.935687974259352,-2.270802107333658,9.664885866925694,改善
direct_target,二塁手走守,走力×守備相関,0.21535,0.3515666668926825,0.39203714781146454,0.1362166668926825,0.17668714781146452,-0.040470480918782026,維持
direct_target,三塁手肩力,mean,64.3,68.21220095693779,65.19282296650718,3.912200956937795,0.8928229665071825,3.0193779904306126,改善
direct_target,三塁手肩力,P10,51.0,58.0,54.0,7.0,3.0,4.0,改善
direct_target,三塁手肩力,P25,59.75,62.0,59.0,2.25,-0.75,1.5,改善
direct_target,三塁手肩力,P50,63.0,68.0,65.0,5.0,2.0,3.0,改善
direct_target,三塁手肩力,P75,69.5,74.0,71.0,4.5,1.5,3.0,改善
direct_target,三塁手肩力,P90,77.0,79.0,76.0,2.0,-1.0,1.0,改善
direct_target,三塁手肩力,60以上率,75.0,84.25837320574162,71.91387559808614,9.25837320574162,-3.086124401913864,6.172248803827756,改善
direct_target,三塁手肩力,65以上率,42.5,64.377990430622,50.76555023923445,21.877990430622006,8.26555023923445,13.612440191387556,改善
direct_target,三塁手肩力,70以上率,25.0,42.22488038277512,29.952153110047846,17.22488038277512,4.9521531100478455,12.272727272727273,改善
direct_target,三塁手肩力,80以上率,2.5,8.468899521531101,6.052631578947368,5.968899521531101,3.552631578947368,2.4162679425837332,改善
direct_target,捕手捕球,mean,46.915663,49.04453665283541,47.061134163208855,2.1288736528354093,0.14547116320885323,1.983402489626556,改善
direct_target,捕手捕球,median,46.0,48.0,47.0,2.0,1.0,1.0,改善
direct_target,捕手捕球,P10,33.4,41.0,34.0,7.600000000000001,0.6000000000000014,7.0,改善
direct_target,捕手捕球,P25,41.0,43.0,40.0,2.0,-1.0,1.0,改善
direct_target,捕手捕球,39以下率,21.686747,1.3001383125864454,22.793914246196405,-20.386608687413556,1.1071672461964042,19.279441441217152,改善
direct_target,捕手捕球,50以上率,34.939759,46.27939142461964,44.4536652835408,11.339632424619637,9.513906283540798,1.8257261410788388,改善
direct_target,捕手捕球,60以上率,8.433735,7.247579529737207,7.247579529737207,-1.1861554702627934,-1.1861554702627934,0.0,維持
direct_target,捕手,弾道1率,1.204819,7.634854771784233,7.634854771784233,6.430035771784233,6.430035771784233,0.0,維持
direct_target,捕手,弾道2率,54.216867,58.20193637621024,48.769017980636235,3.985069376210241,-5.447849019363765,-1.4627796431535245,要確認
direct_target,捕手,弾道3率,40.963855,18.948824343015215,43.07053941908714,-22.015030656984788,2.106684419087138,19.90834623789765,改善
direct_target,捕手,弾道4率,3.614458,15.214384508990317,0.5255878284923928,11.599926508990318,-3.0888701715076072,8.51105633748271,改善
direct_target,遊撃手,弾道1率,7.352941,0.0,0.0,-7.352941,-7.352941,0.0,維持
direct_target,遊撃手,弾道2率,64.705882,80.51485977396399,73.10590205106739,15.808977773963989,8.400020051067386,7.408957722896602,改善
direct_target,遊撃手,弾道3率,27.941176,5.713687735454165,26.87316868982838,-22.227488264545833,-1.0680073101716197,21.159480954374214,改善
direct_target,遊撃手,弾道4率,0.0,13.771452490581835,0.020929259104227712,13.771452490581835,0.020929259104227712,13.750523231477606,改善
protected,二塁手,弾道3率,37.209302,36.44973288003885,37.299660029140355,-0.7595691199611494,0.09035802914035429,0.6692110908207951,改善
protected,外野手,弾道3率,46.031746,45.53374503749449,45.53374503749449,-0.4980009625055075,-0.4980009625055075,0.0,維持
direct_target,中継ぎスタミナ,mean,46.59,42.60821699242122,45.160670123653766,-3.981783007578784,-1.4293298763462374,2.5524531312325465,改善
direct_target,中継ぎスタミナ,std,5.96,10.350391348017094,6.67668632542321,4.390391348017094,0.7166863254232103,3.673705022593884,改善
direct_target,中継ぎスタミナ,P10,39.0,30.0,37.0,-9.0,-2.0,7.0,改善
direct_target,中継ぎスタミナ,P25,43.0,35.0,40.0,-8.0,-3.0,5.0,改善
direct_target,中継ぎスタミナ,P75,50.25,49.0,49.0,-1.25,-1.25,0.0,維持
direct_target,中継ぎスタミナ,P90,54.3,57.0,55.0,2.700000000000003,0.7000000000000028,2.0,改善
direct_target,中継ぎスタミナ,P95,58.0,61.0,57.0,3.0,-1.0,2.0,改善
protected,抑えスタミナ,mean,46.74,44.92101449275362,44.92101449275362,-1.8189855072463814,-1.8189855072463814,0.0,維持
protected,抑えスタミナ,std,5.28,7.961687462846187,7.961687462846187,2.6816874628461864,2.6816874628461864,0.0,維持
direct_target,共通,回復E,40.075853,17.958333333333336,40.056666666666665,-22.117519666666666,-0.019186333333337302,22.09833333333333,改善
direct_target,投手,対ピンチC,14.925373,36.916666666666664,15.93,21.991293666666664,1.0046269999999993,20.986666666666665,改善
direct_target,投手,対左打者C,14.925373,38.83333333333333,14.913333333333334,23.907960333333328,-0.012039666666666449,23.89592066666666,改善
direct_target,投手,球持ち○,21.890547,7.503333333333333,21.6,-14.387213666666668,-0.2905470000000001,14.096666666666668,改善
direct_target,野手,併殺,17.22365,1.7999999999999998,20.979999999999997,-15.423649999999999,3.7563499999999976,11.667300000000001,改善
direct_target,野手,内野安打○,19.023136,5.333333333333334,16.189999999999998,-13.689802666666667,-2.833136000000003,10.856666666666664,改善
protected,投手,リリース○,30.597015,25.64666666666667,24.41,-4.950348333333331,-6.187014999999999,-1.2366666666666681,要確認
protected,投手,通常特殊能力5個以上率,41.54228855721393,35.24333333333333,35.28666666666667,-6.298955223880597,-6.2556218905472605,0.043333333333336554,改善
protected,野手,通常特殊能力5個以上率,32.13367609254499,28.48,28.46333333333333,-3.6536760925449876,-3.670342759211657,-0.016666666666669272,維持
protected,外野手,走力×守備相関,0.401279,0.22702310866388872,0.22702310866388872,-0.17425589133611127,-0.17425589133611127,0.0,維持
protected,外野手,走70＋肩65＋守50以上率,25.396825,20.423467137185707,20.423467137185707,-4.973357862814293,-4.973357862814293,0.0,維持
protected,外野手,捕球P10,39.5,39.0,39.0,-0.5,-0.5,0.0,維持
protected,抑え,方向2保有率,45.59,45.471014492753625,45.471014492753625,-0.11898550724637857,-0.11898550724637857,0.0,維持
