position,metric,real_人数,generated_人数,real_minus_generated_人数,real_平均,generated_平均,real_minus_generated_平均,real_中央値,generated_中央値,real_minus_generated_中央値,real_標準偏差,generated_標準偏差,real_minus_generated_標準偏差,real_P10,generated_P10,real_minus_generated_P10,real_P25,generated_P25,real_minus_generated_P25,real_P50,generated_P50,real_minus_generated_P50,real_P75,generated_P75,real_minus_generated_P75,real_P90,generated_P90,real_minus_generated_P90,real_P95,generated_P95,real_minus_generated_P95,real_P99,generated_P99,real_minus_generated_P99,real_最小,generated_最小,real_minus_generated_最小,real_最大,generated_最大,real_minus_generated_最大,generated_to_real_std_ratio
捕手,ミート,83,3615,-3532,38.06024096385542,37.347717842323654,0.7125231215317669,39.0,37.0,2.0,9.964998987419774,13.077224957239036,-3.112225969819262,25.0,20.0,5.0,29.5,28.0,1.5,39.0,37.0,2.0,43.5,46.0,-2.5,52.8,54.0,-1.2000000000000028,55.0,59.0,-4.0,60.17999999999999,70.0,-9.820000000000007,20.0,0,20.0,61.0,81,-20.0,1.3123157336742597
捕手,パワー,83,3615,-3532,50.506024096385545,53.5432918395574,-3.037267743171853,51.0,53.0,-2.0,9.844366339869653,12.014022599547708,-2.169656259678055,40.0,39.0,1.0,42.0,45.0,-3.0,51.0,53.0,-2.0,58.0,62.0,-4.0,63.8,70.0,-6.200000000000003,66.0,75.0,-9.0,70.35999999999999,82.86000000000013,-12.500000000000142,26.0,19,7.0,72.0,91,-19.0,1.2203957253084898
捕手,走力,83,3615,-3532,51.855421686746986,53.38838174273859,-1.5329600559916017,54.0,53.0,1.0,11.191386637990279,11.509418582761901,-0.3180319447716222,37.400000000000006,39.0,-1.5999999999999943,43.0,46.0,-3.0,54.0,53.0,1.0,60.0,60.0,0.0,65.8,67.0,-1.2000000000000028,67.89999999999999,73.0,-5.1000000000000085,71.0,82.0,-11.0,24.0,7,17.0,71.0,88,-17.0,1.0284175638872157
捕手,肩力,83,3615,-3532,72.72289156626506,71.2625172890733,1.460374277191761,73.0,71.0,2.0,9.093435387499893,8.761487377497057,0.33194801000283647,61.2,61.0,0.20000000000000284,68.0,65.0,3.0,73.0,71.0,2.0,79.0,77.0,2.0,82.8,82.0,0.7999999999999972,84.0,86.0,-2.0,92.17999999999999,98.0,-5.820000000000007,49.0,45,4.0,93.0,100,-7.0,0.9634958631301057
捕手,守備力,83,3615,-3532,48.86746987951807,50.88215767634855,-2.0146877968304793,49.0,50.0,-1.0,9.664835789473939,7.368507885508835,2.2963279039651034,37.2,43.0,-5.799999999999997,42.0,45.0,-3.0,49.0,50.0,-1.0,53.5,54.0,-0.5,61.39999999999999,60.0,1.3999999999999915,64.79999999999998,64.0,0.799999999999983,74.71999999999997,76.86000000000013,-2.140000000000157,26.0,33,-7.0,78.0,85,-7.0,0.7624038365487745
捕手,捕球,83,3615,-3532,46.91566265060241,47.061134163208855,-0.14547151260644853,46.0,47.0,-1.0,10.66359754798048,9.827221960642435,0.8363755873380452,33.400000000000006,34.0,-0.5999999999999943,41.0,40.0,1.0,46.0,47.0,-1.0,53.0,53.0,0.0,58.0,58.0,0.0,65.59999999999997,64.0,1.599999999999966,81.0,75.0,6.0,26.0,30,-4.0,81.0,88,-7.0,0.9215672212332843
捕手,弾道,83,3615,-3532,2.4698795180722892,2.364868603042877,0.10501091502941229,2.0,2.0,0.0,0.5913471473861324,0.6285361091059448,-0.03718896171981245,2.0,2.0,0.0,2.0,2.0,0.0,2.0,2.0,0.0,3.0,3.0,0.0,3.0,3.0,0.0,3.0,3.0,0.0,4.0,3.0,1.0,1.0,1,0.0,4.0,4,0.0,1.062888545052081
一塁手,ミート,29,4241,-4212,45.96551724137931,41.3338835180382,4.6316337233411105,49.0,41.0,8.0,10.380210425271079,11.95381462896253,-1.5736042036914508,33.6,26.0,7.600000000000001,41.0,33.0,8.0,49.0,41.0,8.0,52.0,49.0,3.0,55.0,56.0,-1.0,59.19999999999999,61.0,-1.8000000000000114,64.88,70.0,-5.1200000000000045,20.0,0,20.0,66.0,79,-13.0,1.1515965610736023
一塁手,パワー,29,4241,-4212,62.55172413793103,59.565196887526525,2.9865272504045066,63.0,59.0,4.0,9.883558522315704,11.332332095462052,-1.4487735731463474,51.2,45.0,6.200000000000003,57.0,51.0,6.0,63.0,59.0,4.0,69.0,67.0,2.0,74.0,75.0,-1.0,78.6,79.0,-0.4000000000000057,81.88,87.0,-5.1200000000000045,39.0,28,11.0,83.0,98,-15.0,1.1465842054635704
一塁手,走力,29,4241,-4212,48.55172413793103,55.076397076161285,-6.524672938230253,49.0,55.0,-6.0,10.016365918180933,11.561742043972004,-1.545376125791071,37.8,41.0,-3.200000000000003,39.0,48.0,-9.0,49.0,55.0,-6.0,57.0,63.0,-6.0,61.0,69.0,-8.0,61.599999999999994,74.0,-12.400000000000006,70.63999999999999,83.0,-12.360000000000014,35.0,7,28.0,74.0,89,-15.0,1.1542851108290706
一塁手,肩力,29,4241,-4212,60.13793103448276,60.334355104928086,-0.19642407044532462,61.0,60.0,1.0,12.763575791880342,8.132683369468019,4.630892422412323,40.8,51.0,-10.200000000000003,53.0,55.0,-2.0,61.0,60.0,1.0,70.0,66.0,4.0,75.2,70.0,5.200000000000003,77.19999999999999,74.0,3.1999999999999886,79.44,83.0,-3.5600000000000023,38.0,22,16.0,80.0,94,-14.0,0.637179071294558
一塁手,守備力,29,4241,-4212,45.827586206896555,42.69606224946946,3.131523957427092,48.0,43.0,5.0,9.46825133016818,11.980243408711408,-2.511992078543228,33.6,27.0,6.600000000000001,37.0,35.0,2.0,48.0,43.0,5.0,52.0,51.0,1.0,57.2,57.0,0.20000000000000284,58.0,61.0,-3.0,60.16,71.0,-10.840000000000003,25.0,8,17.0,61.0,83,-22.0,1.2653068651166244
一塁手,捕球,29,4241,-4212,48.0,45.52770572978071,2.4722942702192867,47.0,44.0,3.0,12.909022315530217,8.133163454495154,4.775858861035063,32.0,37.0,-5.0,40.0,39.0,1.0,47.0,44.0,3.0,53.0,51.0,2.0,65.4,56.0,9.400000000000006,69.99999999999999,60.0,9.999999999999986,73.44,71.0,2.4399999999999977,24.0,31,-7.0,74.0,85,-11.0,0.6300371364848089
一塁手,弾道,29,4241,-4212,3.206896551724138,2.946003301108229,0.26089325061590873,3.0,3.0,0.0,0.5592923044110288,0.7217370875699861,-0.16244478315895727,3.0,2.0,1.0,3.0,2.0,1.0,3.0,3.0,0.0,4.0,3.0,1.0,4.0,4.0,0.0,4.0,4.0,0.0,4.0,4.0,0.0,2.0,1,1.0,4.0,4,0.0,1.290447020060507
二塁手,ミート,43,4118,-4075,46.81395348837209,44.56702282661486,2.246930661757233,46.0,44.0,2.0,8.20643131636195,10.338302371246614,-2.131871054884664,37.0,33.0,4.0,41.0,40.0,1.0,46.0,44.0,2.0,50.0,50.0,0.0,59.60000000000001,57.0,2.6000000000000085,62.9,64.0,-1.1000000000000014,63.0,73.0,-10.0,29.0,1,28.0,63.0,82,-19.0,1.2597805273327698
二塁手,パワー,43,4118,-4075,50.395348837209305,49.402865468674115,0.9924833685351899,52.0,48.0,4.0,11.765849563327073,12.061362885800898,-0.2955133224738251,34.2,35.0,-0.7999999999999972,41.5,41.0,0.5,52.0,48.0,4.0,58.5,57.0,1.5,63.0,66.0,-3.0,68.5,72.0,-3.5,74.16,79.0,-4.840000000000003,28.0,14,14.0,75.0,92,-17.0,1.0251161907929631
二塁手,走力,43,4118,-4075,71.97674418604652,71.42787761049053,0.5488665755559907,71.0,70.0,1.0,9.927087454926697,8.001579872696942,1.9255075822297556,61.2,61.0,0.20000000000000284,65.0,67.0,-2.0,71.0,70.0,1.0,81.0,76.0,5.0,84.0,82.0,2.0,89.69999999999999,86.0,3.6999999999999886,91.58,98.0,-6.420000000000002,51.0,58,-7.0,92.0,100,-8.0,0.8060349935494777
二塁手,肩力,43,4118,-4075,60.16279069767442,61.2195240407965,-1.0567333431220831,62.0,60.0,2.0,10.899825757799414,8.084860073996877,2.814965683802537,46.0,52.0,-6.0,51.0,56.0,-5.0,62.0,60.0,2.0,66.5,66.0,0.5,75.80000000000001,71.0,4.800000000000011,77.9,75.0,2.9000000000000057,81.16,84.0,-2.8400000000000034,43.0,40,3.0,82.0,93,-11.0,0.7417421391540798
二塁手,守備力,43,4118,-4075,59.06976744186046,56.06823700825643,3.0015304336040316,60.0,56.0,4.0,9.567791576895617,6.92055310178017,2.647238475115447,48.4,47.0,1.3999999999999986,52.0,50.0,2.0,60.0,56.0,4.0,64.5,61.0,3.5,68.80000000000001,63.0,5.800000000000011,75.6,68.0,7.599999999999994,81.16,76.82999999999993,4.330000000000069,37.0,46,-9.0,82.0,88,-6.0,0.7233177109012261
二塁手,捕球,43,4118,-4075,54.04651162790697,50.682855755220984,3.363655872685989,53.0,49.0,4.0,11.882266675641144,7.0491492486011955,4.833117427039949,41.2,44.0,-2.799999999999997,45.5,46.0,-0.5,53.0,49.0,4.0,63.0,53.0,10.0,67.0,60.0,7.0,75.8,66.0,9.799999999999997,80.63999999999999,74.0,6.639999999999986,31.0,41,-10.0,84.0,86,-2.0,0.5932495407675099
二塁手,弾道,43,4118,-4075,2.372093023255814,2.257163671685284,0.11492935157053008,2.0,2.0,0.0,0.6554989308027127,0.7393751787909937,-0.08387624798828097,2.0,1.0,1.0,2.0,2.0,0.0,2.0,2.0,0.0,3.0,3.0,0.0,3.0,3.0,0.0,3.0,3.0,0.0,3.5799999999999983,4.0,-0.4200000000000017,1.0,1,0.0,4.0,4,0.0,1.127957871549184
三塁手,ミート,40,4180,-4140,42.375,41.248086124401915,1.1269138755980848,42.0,41.0,1.0,9.604185786175973,12.143984777706475,-2.5397989915305015,29.8,26.0,3.8000000000000007,36.0,33.0,3.0,42.0,41.0,1.0,48.25,49.0,-0.75,53.400000000000006,56.0,-2.5999999999999943,60.099999999999994,62.0,-1.9000000000000057,62.61,69.0,-6.390000000000001,24.0,3,21.0,63.0,79,-16.0,1.2644470908909555
三塁手,パワー,40,4180,-4140,61.225,58.154784688995214,3.0702153110047874,60.0,57.0,3.0,10.776250001858907,11.655878384351686,-0.8796283824927791,49.7,44.0,5.700000000000003,54.75,50.0,4.75,60.0,57.0,3.0,65.5,66.0,-0.5,76.30000000000001,75.0,1.3000000000000114,84.05,78.0,6.049999999999997,85.61,85.21000000000004,0.39999999999996305,41.0,25,16.0,86.0,95,-9.0,1.081626575324537
三塁手,走力,40,4180,-4140,57.875,58.09258373205741,-0.21758373205741321,59.0,58.0,1.0,12.562025600176398,11.373188056982581,1.1888375431938165,41.9,44.0,-2.1000000000000014,46.0,51.0,-5.0,59.0,58.0,1.0,65.0,66.0,-1.0,75.0,72.0,3.0,76.05,77.0,-0.9500000000000028,80.66,86.0,-5.340000000000003,31.0,16,15.0,83.0,97,-14.0,0.9053625919073813
三塁手,肩力,40,4180,-4140,64.3,65.19282296650718,-0.8928229665071825,63.0,65.0,-2.0,9.3155508253397,8.920383597386731,0.3951672279529692,51.0,54.0,-3.0,59.75,59.0,0.75,63.0,65.0,-2.0,69.5,71.0,-1.5,77.0,76.0,1.0,78.05,80.0,-1.9500000000000028,86.92999999999999,91.0,-4.070000000000007,48.0,48,0.0,92.0,98,-6.0,0.957579832329608
三塁手,守備力,40,4180,-4140,46.4,43.688038277511964,2.7119617224880344,46.0,44.0,2.0,10.184956226382779,11.734084106527687,-1.5491278801449084,32.9,28.0,4.899999999999999,38.75,35.0,3.75,46.0,44.0,2.0,53.0,52.0,1.0,58.0,58.0,0.0,64.05,61.04999999999973,3.00000000000027,66.22,71.0,-4.780000000000001,27.0,8,19.0,67.0,83,-16.0,1.152099611005897
三塁手,捕球,40,4180,-4140,45.475,42.584928229665074,2.8900717703349272,41.5,43.0,-1.5,11.542535605538681,11.546972749555737,-0.004437144017055417,32.0,27.0,5.0,38.75,35.0,3.75,41.5,43.0,-1.5,53.25,51.0,2.25,62.1,56.0,6.100000000000001,65.05,60.0,5.049999999999997,70.88,71.0,-0.12000000000000455,23.0,4,19.0,74.0,83,-9.0,1.0003844167493776
三塁手,弾道,40,4180,-4140,3.2,2.9157894736842107,0.28421052631578947,3.0,3.0,0.0,0.6484695987575828,0.801762519857114,-0.1532929210995312,2.0,2.0,0.0,3.0,2.0,1.0,3.0,3.0,0.0,4.0,4.0,0.0,4.0,4.0,0.0,4.0,4.0,0.0,4.0,4.0,0.0,2.0,1,1.0,4.0,4,0.0,1.2363918391752342
遊撃手,ミート,68,4778,-4710,39.794117647058826,41.63520301381331,-1.8410853667544842,38.0,41.0,-3.0,9.525392338892566,12.754203244767979,-3.228810905875413,28.7,25.700000000000045,2.999999999999954,34.0,33.0,1.0,38.0,41.0,-3.0,45.25,49.0,-3.75,52.0,58.0,-6.0,55.65,66.0,-10.350000000000001,62.31999999999999,74.0,-11.680000000000007,16.0,3,13.0,65.0,81,-16.0,1.3389688099976782
遊撃手,パワー,68,4778,-4710,45.794117647058826,46.834240267894515,-1.0401226208356888,44.0,46.0,-2.0,10.175414947759473,11.998331457965678,-1.8229165102062055,34.0,33.0,1.0,38.0,38.0,0.0,44.0,46.0,-2.0,53.0,54.0,-1.0,61.300000000000004,64.0,-2.6999999999999957,64.0,67.0,-3.0,69.33,78.0,-8.670000000000002,28.0,11,17.0,70.0,89,-19.0,1.179149107880617
遊撃手,走力,68,4778,-4710,71.20588235294117,67.91691084135621,3.288971511584961,71.0,68.0,3.0,9.665384957362654,10.951660906819791,-1.2862759494571367,58.0,54.0,4.0,64.0,61.0,3.0,71.0,68.0,3.0,79.0,75.0,4.0,84.0,81.0,3.0,85.65,85.0,0.6500000000000057,88.64999999999999,95.0,-6.3500000000000085,51.0,21,30.0,92.0,100,-8.0,1.133080674503017
遊撃手,肩力,68,4778,-4710,66.77941176470588,68.3386354123064,-1.5592236476005183,66.0,68.0,-2.0,9.672002352127558,8.416518442235128,1.2554839098924298,54.0,58.0,-4.0,60.75,62.0,-1.25,66.0,68.0,-2.0,71.25,74.0,-2.75,81.0,79.0,2.0,83.65,83.0,0.6500000000000057,87.33,92.22999999999956,-4.899999999999565,45.0,50,-5.0,88.0,100,-12.0,0.8701940028357975
遊撃手,守備力,68,4778,-4710,54.69117647058823,53.50062787777313,1.1905485928151052,54.0,52.0,2.0,12.589094253267273,7.860044595936346,4.729049657330927,40.0,46.0,-6.0,43.75,48.0,-4.25,54.0,52.0,2.0,62.25,57.0,5.25,72.20000000000002,65.0,7.200000000000017,78.94999999999999,70.0,8.949999999999989,81.33,78.0,3.3299999999999983,29.0,32,-3.0,82.0,89,-7.0,0.624353463228414
遊撃手,捕球,68,4778,-4710,47.44117647058823,48.0678107994977,-0.6266343289094678,45.0,47.0,-2.0,12.159858543144688,7.775018761849635,4.384839781295053,34.4,39.0,-4.600000000000001,38.0,42.0,-4.0,45.0,47.0,-2.0,54.0,52.0,2.0,63.60000000000001,57.0,6.6000000000000085,71.25,63.0,8.25,78.96999999999998,75.0,3.9699999999999847,31.0,32,-1.0,85.0,88,-3.0,0.6394004284065397
遊撃手,弾道,68,4778,-4710,2.2058823529411766,2.2691502720803682,-0.06326791913919161,2.0,2.0,0.0,0.5614167454502875,0.4440363207625028,0.1173804246877847,2.0,2.0,0.0,2.0,2.0,0.0,2.0,2.0,0.0,3.0,3.0,0.0,3.0,3.0,0.0,3.0,3.0,0.0,3.0,3.0,0.0,1.0,2,-1.0,3.0,4,-1.0,0.7909210481535618
外野手,ミート,126,9068,-8942,44.6031746031746,41.37108513453904,3.2320894686355643,44.0,41.0,3.0,11.698943107873884,12.292967529475572,-0.5940244216016879,28.0,25.0,3.0,37.0,33.0,4.0,44.0,41.0,3.0,53.0,50.0,3.0,60.0,57.0,3.0,62.5,62.0,0.5,66.5,70.0,-3.5,22.0,0,22.0,80.0,83,-3.0,1.0507759048081775
外野手,パワー,126,9068,-8942,57.92857142857143,53.20258050286723,4.7259909257042025,59.0,52.0,7.0,12.004784760371887,12.368237316685514,-0.36345255631362683,41.0,38.0,3.0,51.0,45.0,6.0,59.0,52.0,7.0,65.0,61.0,4.0,74.0,71.0,3.0,76.75,76.0,0.75,81.25,82.0,-0.75,18.0,20,-2.0,82.0,94,-12.0,1.0302756412187741
外野手,走力,126,9068,-8942,71.61904761904762,69.41530657256286,2.2037410464847653,71.0,69.0,2.0,12.41860355618595,9.452288317302322,2.9663152388836274,57.5,60.0,-2.5,63.25,65.0,-1.75,71.0,69.0,2.0,82.0,74.0,8.0,87.5,81.0,6.5,93.5,85.64999999999964,7.850000000000364,97.0,97.0,0.0,43.0,13,30.0,97.0,100,-3.0,0.7611393885421162
外野手,肩力,126,9068,-8942,67.0952380952381,68.08535509483899,-0.9901169996008861,68.0,67.0,1.0,10.948189674227294,8.343631309546543,2.6045583646807504,53.0,58.0,-5.0,60.0,63.0,-3.0,68.0,67.0,1.0,74.0,73.0,1.0,80.0,78.0,2.0,84.5,82.0,2.5,93.75,92.0,1.75,37.0,35,2.0,96.0,100,-4.0,0.7621014576672854
外野手,守備力,126,9068,-8942,51.13492063492063,49.44254521393913,1.6923754209815058,50.0,50.0,0.0,12.167729894834567,9.852530515893418,2.3151993789411485,37.0,36.0,1.0,42.0,46.0,-4.0,50.0,50.0,0.0,60.0,54.0,6.0,67.5,59.0,8.5,71.0,63.0,8.0,84.5,72.0,12.5,26.0,3,23.0,89.0,84,5.0,0.8097262678452457
外野手,捕球,126,9068,-8942,47.301587301587304,46.877591530657256,0.42399577093004837,45.0,47.0,-2.0,9.243609547158373,9.079918726300015,0.16369082085835807,37.5,39.0,-1.5,42.0,42.0,0.0,45.0,47.0,-2.0,52.0,52.0,0.0,58.5,58.0,0.5,63.75,62.0,1.75,75.75,70.0,5.75,28.0,5,23.0,80.0,87,-7.0,0.9822914609251665
外野手,弾道,126,9068,-8942,2.6825396825396823,2.4440891045434494,0.23845057799623293,3.0,2.0,1.0,0.6887762324679172,0.7207900075044208,-0.0320137750365036,2.0,2.0,0.0,2.0,2.0,0.0,3.0,2.0,1.0,3.0,3.0,0.0,4.0,3.0,1.0,4.0,3.0,1.0,4.0,4.0,0.0,1.0,1,0.0,4.0,4,0.0,1.0464792098324833
