position,metric,threshold,real_rate_pct,generated_rate_pct,real_minus_generated_pt,sample_real,sample_generated
捕手,ミート,39以下,53.01204819277109,55.90594744121715,-2.8938992484460613,83,3615
捕手,ミート,50以上,14.457831325301203,17.095435684647303,-2.637604359346099,83,3615
捕手,ミート,60以上,2.4096385542168677,4.840940525587829,-2.4313019713709614,83,3615
捕手,ミート,65以上,0.0,2.1576763485477177,-2.1576763485477177,83,3615
捕手,ミート,70以上,0.0,1.0788381742738589,-1.0788381742738589,83,3615
捕手,ミート,80以上,0.0,0.027662517289073305,-0.027662517289073305,83,3615
捕手,ミート,90以上,0.0,0.0,0.0,83,3615
捕手,パワー,39以下,9.63855421686747,10.926694329183956,-1.2881401123164853,83,3615
捕手,パワー,50以上,54.21686746987952,60.88520055325034,-6.668333083370825,83,3615
捕手,パワー,60以上,18.072289156626507,29.294605809128633,-11.222316652502126,83,3615
捕手,パワー,65以上,8.433734939759036,18.3402489626556,-9.906514022896564,83,3615
捕手,パワー,70以上,2.4096385542168677,10.843706777316736,-8.43406822309987,83,3615
捕手,パワー,80以上,0.0,1.6320885200553252,-1.6320885200553252,83,3615
捕手,パワー,90以上,0.0,0.027662517289073305,-0.027662517289073305,83,3615
捕手,走力,39以下,14.457831325301203,10.235131396957122,4.222699928344081,83,3615
捕手,走力,50以上,59.036144578313255,63.98340248962655,-4.947257911313294,83,3615
捕手,走力,60以上,30.120481927710845,28.520055325034576,1.6004266026762686,83,3615
捕手,走力,65以上,13.253012048192772,14.854771784232366,-1.6017597360395932,83,3615
捕手,走力,70以上,2.4096385542168677,7.717842323651452,-5.308203769434584,83,3615
捕手,走力,80以上,0.0,1.7427385892116183,-1.7427385892116183,83,3615
捕手,走力,90以上,0.0,0.0,0.0,83,3615
捕手,肩力,39以下,0.0,0.0,0.0,83,3615
捕手,肩力,50以上,98.79518072289156,99.75103734439834,-0.9558566215067827,83,3615
捕手,肩力,60以上,91.56626506024097,92.39280774550484,-0.826542685263874,83,3615
捕手,肩力,65以上,81.92771084337349,78.00829875518673,3.9194120881867605,83,3615
捕手,肩力,70以上,69.87951807228916,56.34854771784232,13.530970354446836,83,3615
捕手,肩力,80以上,22.89156626506024,14.993084370677732,7.89848189438251,83,3615
捕手,肩力,90以上,2.4096385542168677,2.793914246196404,-0.3842756919795365,83,3615
捕手,守備力,39以下,14.457831325301203,0.11065006915629322,14.34718125614491,83,3615
捕手,守備力,50以上,45.78313253012048,52.558782849239286,-6.775650319118803,83,3615
捕手,守備力,60以上,10.843373493975903,11.28630705394191,-0.44293355996600603,83,3615
捕手,守備力,65以上,6.024096385542169,4.868603042876902,1.1554933426652667,83,3615
捕手,守備力,70以上,3.614457831325301,2.93222683264177,0.6822309986835307,83,3615
捕手,守備力,80以上,0.0,0.4702627939142462,-0.4702627939142462,83,3615
捕手,守備力,90以上,0.0,0.0,0.0,83,3615
捕手,捕球,39以下,21.686746987951807,22.793914246196405,-1.1071672582445977,83,3615
捕手,捕球,50以上,34.93975903614458,44.4536652835408,-9.513906247396221,83,3615
捕手,捕球,60以上,8.433734939759036,7.247579529737207,1.1861554100218292,83,3615
捕手,捕球,65以上,6.024096385542169,4.951590594744122,1.072505790798047,83,3615
捕手,捕球,70以上,3.614457831325301,2.8215767634854774,0.7928810678398235,83,3615
捕手,捕球,80以上,2.4096385542168677,0.49792531120331945,1.9117132430135482,83,3615
捕手,捕球,90以上,0.0,0.0,0.0,83,3615
捕手,弾道,39以下,100.0,100.0,0.0,83,3615
捕手,弾道,50以上,0.0,0.0,0.0,83,3615
捕手,弾道,60以上,0.0,0.0,0.0,83,3615
捕手,弾道,65以上,0.0,0.0,0.0,83,3615
捕手,弾道,70以上,0.0,0.0,0.0,83,3615
捕手,弾道,80以上,0.0,0.0,0.0,83,3615
捕手,弾道,90以上,0.0,0.0,0.0,83,3615
一塁手,ミート,39以下,20.689655172413794,43.999056826220226,-23.309401653806432,29,4241
一塁手,ミート,50以上,44.827586206896555,24.640414996463097,20.18717121043346,29,4241
一塁手,ミート,60以上,6.896551724137931,6.01273284602688,0.8838188781110503,29,4241
一塁手,ミート,65以上,3.4482758620689653,3.46616364065079,-0.017887778581824776,29,4241
一塁手,ミート,70以上,0.0,1.226125913699599,-1.226125913699599,29,4241
一塁手,ミート,80以上,0.0,0.0,0.0,29,4241
一塁手,ミート,90以上,0.0,0.0,0.0,29,4241
一塁手,パワー,39以下,3.4482758620689653,2.994576750766329,0.4536991113026363,29,4241
一塁手,パワー,50以上,89.65517241379311,80.45272341428908,9.202448999504028,29,4241
一塁手,パワー,60以上,58.620689655172406,48.125442112709266,10.49524754246314,29,4241
一塁手,パワー,65以上,41.37931034482759,32.13864654562603,9.240663799201556,29,4241
一塁手,パワー,70以上,20.689655172413794,19.523697241216695,1.1659579311970987,29,4241
一塁手,パワー,80以上,3.4482758620689653,3.4190049516623437,0.029270910406621553,29,4241
一塁手,パワー,90以上,0.0,0.11789672247111531,-0.11789672247111531,29,4241
一塁手,走力,39以下,27.586206896551722,8.441405328931856,19.144801567619865,29,4241
一塁手,走力,50以上,41.37931034482759,70.57297807120962,-29.19366772638203,29,4241
一塁手,走力,60以上,17.24137931034483,34.355104928082994,-17.113725617738165,29,4241
一塁手,走力,65以上,3.4482758620689653,19.665173308182034,-16.21689744611307,29,4241
一塁手,走力,70以上,3.4482758620689653,9.738269276114124,-6.289993414045159,29,4241
一塁手,走力,80以上,0.0,1.957085593020514,-1.957085593020514,29,4241
一塁手,走力,90以上,0.0,0.0,0.0,29,4241
一塁手,肩力,39以下,6.896551724137931,0.3536901674133459,6.542861556724585,29,4241
一塁手,肩力,50以上,79.3103448275862,91.84154680499881,-12.531201977412607,29,4241
一塁手,肩力,60以上,55.172413793103445,50.67201131808535,4.500402475018092,29,4241
一塁手,肩力,65以上,44.827586206896555,28.50742749351568,16.320158713380874,29,4241
一塁手,肩力,70以上,27.586206896551722,12.001886347559537,15.584320548992185,29,4241
一塁手,肩力,80以上,3.4482758620689653,1.933506248526291,1.5147696135426743,29,4241
一塁手,肩力,90以上,0.0,0.11789672247111531,-0.11789672247111531,29,4241
一塁手,守備力,39以下,27.586206896551722,38.74086300400849,-11.154656107456766,29,4241
一塁手,守備力,50以上,41.37931034482759,32.020749823154915,9.358560521672672,29,4241
一塁手,守備力,60以上,3.4482758620689653,6.390002357934449,-2.941726495865484,29,4241
一塁手,守備力,65以上,0.0,3.088894128743221,-3.088894128743221,29,4241
一塁手,守備力,70以上,0.0,1.603395425607168,-1.603395425607168,29,4241
一塁手,守備力,80以上,0.0,0.04715868898844612,-0.04715868898844612,29,4241
一塁手,守備力,90以上,0.0,0.0,0.0,29,4241
一塁手,捕球,39以下,24.137931034482758,29.285545861825042,-5.147614827342284,29,4241
一塁手,捕球,50以上,44.827586206896555,30.95967932091488,13.867906885981675,29,4241
一塁手,捕球,60以上,20.689655172413794,5.211035133223296,15.478620039190497,29,4241
一塁手,捕球,65以上,13.793103448275861,3.1596321622258903,10.633471286049971,29,4241
一塁手,捕球,70以上,6.896551724137931,1.4147606696533837,5.481791054484547,29,4241
一塁手,捕球,80以上,0.0,0.18863475595378448,-0.18863475595378448,29,4241
一塁手,捕球,90以上,0.0,0.0,0.0,29,4241
一塁手,弾道,39以下,100.0,100.0,0.0,29,4241
一塁手,弾道,50以上,0.0,0.0,0.0,29,4241
一塁手,弾道,60以上,0.0,0.0,0.0,29,4241
一塁手,弾道,65以上,0.0,0.0,0.0,29,4241
一塁手,弾道,70以上,0.0,0.0,0.0,29,4241
一塁手,弾道,80以上,0.0,0.0,0.0,29,4241
一塁手,弾道,90以上,0.0,0.0,0.0,29,4241
二塁手,ミート,39以下,13.953488372093023,23.288003885381254,-9.334515513288231,43,4118
二塁手,ミート,50以上,30.23255813953488,25.959203496843124,4.273354642691757,43,4118
二塁手,ミート,60以上,11.627906976744185,7.989315201554152,3.638591775190033,43,4118
二塁手,ミート,65以上,0.0,4.686741136474017,-4.686741136474017,43,4118
二塁手,ミート,70以上,0.0,2.282661486158329,-2.282661486158329,43,4118
二塁手,ミート,80以上,0.0,0.04856726566294317,-0.04856726566294317,43,4118
二塁手,ミート,90以上,0.0,0.0,0.0,43,4118
二塁手,パワー,39以下,20.930232558139537,21.053909664885868,-0.12367710674633159,43,4118
二塁手,パワー,50以上,60.46511627906976,45.43467702768334,15.030439251386419,43,4118
二塁手,パワー,60以上,23.25581395348837,20.446818844099077,2.8089951093892935,43,4118
二塁手,パワー,65以上,6.976744186046512,12.287518212724624,-5.3107740266781125,43,4118
二塁手,パワー,70以上,4.651162790697675,6.629431762991743,-1.9782689722940683,43,4118
二塁手,パワー,80以上,0.0,0.7042253521126761,-0.7042253521126761,43,4118
二塁手,パワー,90以上,0.0,0.024283632831471585,-0.024283632831471585,43,4118
二塁手,走力,39以下,0.0,0.0,0.0,43,4118
二塁手,走力,50以上,100.0,100.0,0.0,43,4118
二塁手,走力,60以上,93.02325581395348,94.439048081593,-1.4157922676395174,43,4118
二塁手,走力,65以上,76.74418604651163,80.96163186012627,-4.2174458136146455,43,4118
二塁手,走力,70以上,58.139534883720934,57.673627974745024,0.46590690897591003,43,4118
二塁手,走力,80以上,27.906976744186046,13.89023797960175,14.016738764584296,43,4118
二塁手,走力,90以上,6.976744186046512,2.59834871296746,4.378395473079052,43,4118
二塁手,肩力,39以下,0.0,0.0,0.0,43,4118
二塁手,肩力,50以上,76.74418604651163,93.80767362797474,-17.063487581463107,43,4118
二塁手,肩力,60以上,58.139534883720934,54.54103933948519,3.598495544235746,43,4118
二塁手,肩力,65以上,30.23255813953488,31.835842642059255,-1.6032845025243745,43,4118
二塁手,肩力,70以上,20.930232558139537,14.813016027197667,6.117216530941869,43,4118
二塁手,肩力,80以上,4.651162790697675,2.476930548810102,2.1742322418875726,43,4118
二塁手,肩力,90以上,0.0,0.2185526954832443,-0.2185526954832443,43,4118
二塁手,守備力,39以下,2.3255813953488373,0.0,2.3255813953488373,43,4118
二塁手,守備力,50以上,88.37209302325581,87.73676542010685,0.6353276031489656,43,4118
二塁手,守備力,60以上,51.162790697674424,35.59980573093735,15.562984966737076,43,4118
二塁手,守備力,65以上,25.581395348837212,8.062166100048568,17.519229248788644,43,4118
二塁手,守備力,70以上,9.30232558139535,4.3710539096648855,4.931271671730464,43,4118
二塁手,守備力,80以上,4.651162790697675,0.48567265662943176,4.165490134068243,43,4118
二塁手,守備力,90以上,0.0,0.0,0.0,43,4118
二塁手,捕球,39以下,6.976744186046512,0.0,6.976744186046512,43,4118
二塁手,捕球,50以上,62.7906976744186,46.43030597377368,16.360391700644925,43,4118
二塁手,捕球,60以上,30.23255813953488,10.296260320543954,19.936297818990926,43,4118
二塁手,捕球,65以上,20.930232558139537,6.022340942204954,14.907891615934583,43,4118
二塁手,捕球,70以上,9.30232558139535,2.8169014084507045,6.485424172944645,43,4118
二塁手,捕球,80以上,2.3255813953488373,0.24283632831471588,2.0827450670341214,43,4118
二塁手,捕球,90以上,0.0,0.0,0.0,43,4118
二塁手,弾道,39以下,100.0,100.0,0.0,43,4118
二塁手,弾道,50以上,0.0,0.0,0.0,43,4118
二塁手,弾道,60以上,0.0,0.0,0.0,43,4118
二塁手,弾道,65以上,0.0,0.0,0.0,43,4118
二塁手,弾道,70以上,0.0,0.0,0.0,43,4118
二塁手,弾道,80以上,0.0,0.0,0.0,43,4118
二塁手,弾道,90以上,0.0,0.0,0.0,43,4118
三塁手,ミート,39以下,35.0,43.56459330143541,-8.564593301435409,40,4180
三塁手,ミート,50以上,20.0,24.85645933014354,-4.85645933014354,40,4180
三塁手,ミート,60以上,7.5,6.3875598086124405,1.1124401913875595,40,4180
三塁手,ミート,65以上,0.0,3.014354066985646,-3.014354066985646,40,4180
三塁手,ミート,70以上,0.0,0.7894736842105263,-0.7894736842105263,40,4180
三塁手,ミート,80以上,0.0,0.0,0.0,40,4180
三塁手,ミート,90以上,0.0,0.0,0.0,40,4180
三塁手,パワー,39以下,0.0,4.736842105263158,-4.736842105263158,40,4180
三塁手,パワー,50以上,90.0,76.29186602870813,13.708133971291872,40,4180
三塁手,パワー,60以上,52.5,43.94736842105263,8.55263157894737,40,4180
三塁手,パワー,65以上,27.500000000000004,29.04306220095694,-1.5430622009569355,40,4180
三塁手,パワー,70以上,20.0,17.822966507177032,2.177033492822968,40,4180
三塁手,パワー,80以上,7.5,2.5358851674641145,4.964114832535886,40,4180
三塁手,パワー,90以上,0.0,0.023923444976076555,-0.023923444976076555,40,4180
三塁手,走力,39以下,5.0,4.736842105263158,0.2631578947368416,40,4180
三塁手,走力,50以上,70.0,78.82775119617224,-8.827751196172244,40,4180
三塁手,走力,60以上,47.5,44.473684210526315,3.026315789473685,40,4180
三塁手,走力,65以上,27.500000000000004,27.703349282296653,-0.2033492822966494,40,4180
三塁手,走力,70以上,17.5,15.0,2.5,40,4180
三塁手,走力,80以上,2.5,3.3014354066985647,-0.8014354066985647,40,4180
三塁手,走力,90以上,0.0,0.11961722488038277,-0.11961722488038277,40,4180
三塁手,肩力,39以下,0.0,0.0,0.0,40,4180
三塁手,肩力,50以上,95.0,97.72727272727273,-2.7272727272727337,40,4180
三塁手,肩力,60以上,75.0,71.91387559808614,3.086124401913864,40,4180
三塁手,肩力,65以上,42.5,50.76555023923445,-8.26555023923445,40,4180
三塁手,肩力,70以上,25.0,29.952153110047846,-4.9521531100478455,40,4180
三塁手,肩力,80以上,2.5,6.052631578947368,-3.552631578947368,40,4180
三塁手,肩力,90以上,2.5,1.1961722488038278,1.3038277511961722,40,4180
三塁手,守備力,39以下,27.500000000000004,36.07655502392345,-8.576555023923444,40,4180
三塁手,守備力,50以上,45.0,34.52153110047847,10.47846889952153,40,4180
三塁手,守備力,60以上,7.5,7.727272727272727,-0.22727272727272663,40,4180
三塁手,守備力,65以上,5.0,3.3014354066985647,1.6985645933014353,40,4180
三塁手,守備力,70以上,0.0,1.4593301435406698,-1.4593301435406698,40,4180
三塁手,守備力,80以上,0.0,0.19138755980861244,-0.19138755980861244,40,4180
三塁手,守備力,90以上,0.0,0.0,0.0,40,4180
三塁手,捕球,39以下,27.500000000000004,37.72727272727273,-10.227272727272723,40,4180
三塁手,捕球,50以上,30.0,31.220095693779903,-1.2200956937799035,40,4180
三塁手,捕球,60以上,15.0,5.119617224880383,9.880382775119617,40,4180
三塁手,捕球,65以上,7.5,2.799043062200957,4.7009569377990434,40,4180
三塁手,捕球,70以上,2.5,1.1961722488038278,1.3038277511961722,40,4180
三塁手,捕球,80以上,0.0,0.11961722488038277,-0.11961722488038277,40,4180
三塁手,捕球,90以上,0.0,0.0,0.0,40,4180
三塁手,弾道,39以下,100.0,100.0,0.0,40,4180
三塁手,弾道,50以上,0.0,0.0,0.0,40,4180
三塁手,弾道,60以上,0.0,0.0,0.0,40,4180
三塁手,弾道,65以上,0.0,0.0,0.0,40,4180
三塁手,弾道,70以上,0.0,0.0,0.0,40,4180
三塁手,弾道,80以上,0.0,0.0,0.0,40,4180
三塁手,弾道,90以上,0.0,0.0,0.0,40,4180
遊撃手,ミート,39以下,57.35294117647059,43.72122226873169,13.6317189077389,68,4778
遊撃手,ミート,50以上,16.176470588235293,23.629133528673087,-7.4526629404377935,68,4778
遊撃手,ミート,60以上,2.941176470588235,8.350774382586856,-5.40959791199862,68,4778
遊撃手,ミート,65以上,1.4705882352941175,5.797404771871076,-4.326816536576958,68,4778
遊撃手,ミート,70以上,0.0,2.783591460862285,-2.783591460862285,68,4778
遊撃手,ミート,80以上,0.0,0.06278777731268313,-0.06278777731268313,68,4778
遊撃手,ミート,90以上,0.0,0.0,0.0,68,4778
遊撃手,パワー,39以下,30.88235294117647,29.07074089577229,1.811612045404182,68,4778
遊撃手,パワー,50以上,30.88235294117647,37.19129342821264,-6.308940487036168,68,4778
遊撃手,パワー,60以上,11.76470588235294,16.220175805776478,-4.4554699234235375,68,4778
遊撃手,パワー,65以上,4.411764705882353,8.434491419003768,-4.022726713121415,68,4778
遊撃手,パワー,70以上,1.4705882352941175,4.039347007115948,-2.5687587718218303,68,4778
遊撃手,パワー,80以上,0.0,0.46044370029300963,-0.46044370029300963,68,4778
遊撃手,パワー,90以上,0.0,0.0,0.0,68,4778
遊撃手,走力,39以下,0.0,0.9208874005860193,-0.9208874005860193,68,4778
遊撃手,走力,50以上,100.0,94.95604855588113,5.043951444118875,68,4778
遊撃手,走力,60以上,85.29411764705883,79.55211385516952,5.742003791889303,68,4778
遊撃手,走力,65以上,73.52941176470588,63.813311008790286,9.716100755915598,68,4778
遊撃手,走力,70以上,55.88235294117647,44.788614483047304,11.093738458129167,68,4778
遊撃手,走力,80以上,22.058823529411764,12.390121389702804,9.66870213970896,68,4778
遊撃手,走力,90以上,1.4705882352941175,2.0092088740058602,-0.5386206387117427,68,4778
遊撃手,肩力,39以下,0.0,0.0,0.0,68,4778
遊撃手,肩力,50以上,95.58823529411765,100.0,-4.411764705882348,68,4778
遊撃手,肩力,60以上,79.41176470588235,85.37044788614483,-5.958683180262483,68,4778
遊撃手,肩力,65以上,60.29411764705882,65.84344914190038,-5.54933149484156,68,4778
遊撃手,肩力,70以上,35.294117647058826,42.57011301799916,-7.275995370940336,68,4778
遊撃手,肩力,80以上,13.23529411764706,7.974047718710757,5.2612463989363025,68,4778
遊撃手,肩力,90以上,0.0,1.5487651737128505,-1.5487651737128505,68,4778
遊撃手,守備力,39以下,5.88235294117647,0.9208874005860193,4.961465540590451,68,4778
遊撃手,守備力,50以上,67.64705882352942,63.311008790288824,4.336050033240596,68,4778
遊撃手,守備力,60以上,30.88235294117647,18.81540393470071,12.06694900647576,68,4778
遊撃手,守備力,65以上,19.11764705882353,10.171619924654667,8.946027134168862,68,4778
遊撃手,守備力,70以上,13.23529411764706,5.504395144411888,7.730898973235171,68,4778
遊撃手,守備力,80以上,5.88235294117647,0.6278777731268314,5.254475168049638,68,4778
遊撃手,守備力,90以上,0.0,0.0,0.0,68,4778
遊撃手,捕球,39以下,26.47058823529412,10.820426956885726,15.650161278408394,68,4778
遊撃手,捕球,50以上,33.82352941176471,37.81917120133947,-3.995641789574762,68,4778
遊撃手,捕球,60以上,17.647058823529413,6.739221431561322,10.90783739196809,68,4778
遊撃手,捕球,65以上,10.294117647058822,4.395144411887819,5.898973235171003,68,4778
遊撃手,捕球,70以上,5.88235294117647,2.2812892423608204,3.6010636988156497,68,4778
遊撃手,捕球,80以上,1.4705882352941175,0.35579740477187105,1.1147908305222465,68,4778
遊撃手,捕球,90以上,0.0,0.0,0.0,68,4778
遊撃手,弾道,39以下,100.0,100.0,0.0,68,4778
遊撃手,弾道,50以上,0.0,0.0,0.0,68,4778
遊撃手,弾道,60以上,0.0,0.0,0.0,68,4778
遊撃手,弾道,65以上,0.0,0.0,0.0,68,4778
遊撃手,弾道,70以上,0.0,0.0,0.0,68,4778
遊撃手,弾道,80以上,0.0,0.0,0.0,68,4778
遊撃手,弾道,90以上,0.0,0.0,0.0,68,4778
外野手,ミート,39以下,32.53968253968254,43.82443758270843,-11.28475504302589,126,9068
外野手,ミート,50以上,34.12698412698413,25.055138950154387,9.07184517682974,126,9068
外野手,ミート,60以上,13.492063492063492,6.84825760917512,6.643805882888372,126,9068
外野手,ミート,65以上,3.1746031746031744,3.7935597706219673,-0.6189565960187928,126,9068
外野手,ミート,70以上,0.7936507936507936,1.290251433612704,-0.4966006399619104,126,9068
外野手,ミート,80以上,0.7936507936507936,0.033083370092633436,0.7605674235581602,126,9068
外野手,ミート,90以上,0.0,0.0,0.0,126,9068
外野手,パワー,39以下,6.349206349206349,13.023820026466696,-6.674613677260347,126,9068
外野手,パワー,50以上,77.77777777777779,58.96559329510366,18.812184482674127,126,9068
外野手,パワー,60以上,48.41269841269841,28.56197617997353,19.85072223272488,126,9068
外野手,パワー,65以上,27.77777777777778,18.537715041905603,9.240062735872176,126,9068
外野手,パワー,70以上,19.841269841269842,11.667401852668725,8.173867988601117,126,9068
外野手,パワー,80以上,1.5873015873015872,1.6431407146007941,-0.055839127299206925,126,9068
外野手,パワー,90以上,0.0,0.022055580061755623,-0.022055580061755623,126,9068
外野手,走力,39以下,0.0,0.7168063520070578,-0.7168063520070578,126,9068
外野手,走力,50以上,94.44444444444444,97.34230260255845,-2.897858158114005,126,9068
外野手,走力,60以上,86.5079365079365,90.78076753418614,-4.272831026249634,126,9068
外野手,走力,65以上,68.25396825396825,75.83811204234672,-7.584143788378469,126,9068
外野手,走力,70以上,53.96825396825397,46.0741067490075,7.89414721924647,126,9068
外野手,走力,80以上,28.57142857142857,11.722540802823115,16.848887768605454,126,9068
外野手,走力,90以上,7.936507936507936,2.293780326422585,5.642727610085351,126,9068
外野手,肩力,39以下,0.7936507936507936,0.011027790030877812,0.7826230036199158,126,9068
外野手,肩力,50以上,93.65079365079364,99.02955447728276,-5.378760826489113,126,9068
外野手,肩力,60以上,77.77777777777779,86.27040141155713,-8.492623633779345,126,9068
外野手,肩力,65以上,62.698412698412696,68.12968681076312,-5.4312741123504225,126,9068
外野手,肩力,70以上,42.06349206349206,39.95368328187031,2.1098087816217515,126,9068
外野手,肩力,80以上,11.11111111111111,7.697397441552713,3.4137136695583976,126,9068
外野手,肩力,90以上,2.380952380952381,1.5880017644464048,0.7929506165059761,126,9068
外野手,守備力,39以下,15.079365079365079,12.218791354212616,2.860573725152463,126,9068
外野手,守備力,50以上,53.96825396825397,59.78164975738862,-5.813395789134653,126,9068
外野手,守備力,60以上,26.190476190476193,9.57212174680194,16.618354443674253,126,9068
外野手,守備力,65以上,15.873015873015872,4.278782531980592,11.594233341035281,126,9068
外野手,守備力,70以上,8.73015873015873,1.7203352448169384,7.009823485341791,126,9068
外野手,守備力,80以上,1.5873015873015872,0.14336127040141156,1.4439403169001757,126,9068
外野手,守備力,90以上,0.0,0.0,0.0,126,9068
外野手,捕球,39以下,11.904761904761903,10.421261579179532,1.483500325582371,126,9068
外野手,捕球,50以上,38.88888888888889,37.03131892368769,1.8575699652012005,126,9068
外野手,捕球,60以上,9.523809523809524,7.333480370533745,2.190329153275779,126,9068
外野手,捕球,65以上,4.761904761904762,3.1429201588001763,1.6189846031045856,126,9068
外野手,捕球,70以上,3.1746031746031744,1.124834583149537,2.0497685914536374,126,9068
外野手,捕球,80以上,0.7936507936507936,0.07719453021614468,0.716456263434649,126,9068
外野手,捕球,90以上,0.0,0.0,0.0,126,9068
外野手,弾道,39以下,100.0,100.0,0.0,126,9068
外野手,弾道,50以上,0.0,0.0,0.0,126,9068
外野手,弾道,60以上,0.0,0.0,0.0,126,9068
外野手,弾道,65以上,0.0,0.0,0.0,126,9068
外野手,弾道,70以上,0.0,0.0,0.0,126,9068
外野手,弾道,80以上,0.0,0.0,0.0,126,9068
外野手,弾道,90以上,0.0,0.0,0.0,126,9068
