domain,target,metric,real_value,generated_value,difference,difference_type,severity,sample_real,sample_generated,previous_value,previous_difference,improved_since_previous,possible_cause,recommended_action
fielder_position,遊撃手,ミート_P95,55.65,66.0,-10.350000000000001,real-generated,high,68,4778,,,,ポジション別基準値、archetype/position_style補正、上限・弱点監査の組合せが分布形状に影響している可能性,次回、該当ポジションの補正と分位点・閾値率を同時に調整候補として検証
pitcher_role,抑え,スタミナ_std_ratio,1.0,1.5089530052291338,0.5089530052291338,generated_std/real_std,high,68,2760,,,,役割別能力補正または投手archetype構成が分布に影響している可能性,次回、役割別の平均だけでなくP90/P95を保った補正案を試算
fielder_position,一塁手,ミート_39以下率,20.689655172413794,43.999056826220226,-23.309401653806432,real-generated percentage points,medium,29,4241,,,,ポジション別基準値、archetype/position_style補正、上限・弱点監査の組合せが分布形状に影響している可能性,次回、該当ポジションの補正と分位点・閾値率を同時に調整候補として検証
fielder_position,一塁手,ミート_50以上率,44.827586206896555,24.640414996463097,20.18717121043346,real-generated percentage points,medium,29,4241,,,,ポジション別基準値、archetype/position_style補正、上限・弱点監査の組合せが分布形状に影響している可能性,次回、該当ポジションの補正と分位点・閾値率を同時に調整候補として検証
fielder_position,一塁手,走力_50以上率,41.37931034482759,70.57297807120962,-29.19366772638203,real-generated percentage points,medium,29,4241,,,,ポジション別基準値、archetype/position_style補正、上限・弱点監査の組合せが分布形状に影響している可能性,次回、該当ポジションの補正と分位点・閾値率を同時に調整候補として検証
fielder_position,一塁手,走力_P95,61.599999999999994,74.0,-12.400000000000006,real-generated,medium,29,4241,,,,ポジション別基準値、archetype/position_style補正、上限・弱点監査の組合せが分布形状に影響している可能性,次回、該当ポジションの補正と分位点・閾値率を同時に調整候補として検証
fielder_position,三塁手,パワー_50以上率,90.0,76.29186602870813,13.708133971291872,real-generated percentage points,medium,40,4180,,,,ポジション別基準値、archetype/position_style補正、上限・弱点監査の組合せが分布形状に影響している可能性,次回、該当ポジションの補正と分位点・閾値率を同時に調整候補として検証
fielder_position,三塁手,ミート_std_ratio,1.0,1.2644470908909555,0.2644470908909555,generated_std/real_std,medium,40,4180,,,,ポジション別基準値、archetype/position_style補正、上限・弱点監査の組合せが分布形状に影響している可能性,次回、該当ポジションの補正と分位点・閾値率を同時に調整候補として検証
fielder_position,三塁手,弾道_std_ratio,1.0,1.2363918391752342,0.2363918391752342,generated_std/real_std,medium,40,4180,,,,ポジション別基準値、archetype/position_style補正、上限・弱点監査の組合せが分布形状に影響している可能性,次回、該当ポジションの補正と分位点・閾値率を同時に調整候補として検証
fielder_position,二塁手,パワー_50以上率,60.46511627906976,45.43467702768334,15.030439251386419,real-generated percentage points,medium,43,4118,,,,ポジション別基準値、archetype/position_style補正、上限・弱点監査の組合せが分布形状に影響している可能性,次回、該当ポジションの補正と分位点・閾値率を同時に調整候補として検証
fielder_position,二塁手,ミート_std_ratio,1.0,1.2597805273327698,0.2597805273327698,generated_std/real_std,medium,43,4118,,,,ポジション別基準値、archetype/position_style補正、上限・弱点監査の組合せが分布形状に影響している可能性,次回、該当ポジションの補正と分位点・閾値率を同時に調整候補として検証
fielder_position,二塁手,守備力_60以上率,51.162790697674424,35.59980573093735,15.562984966737076,real-generated percentage points,medium,43,4118,,,,ポジション別基準値、archetype/position_style補正、上限・弱点監査の組合せが分布形状に影響している可能性,次回、該当ポジションの補正と分位点・閾値率を同時に調整候補として検証
fielder_position,二塁手,守備力_65以上率,25.581395348837212,8.062166100048568,17.519229248788644,real-generated percentage points,medium,43,4118,,,,ポジション別基準値、archetype/position_style補正、上限・弱点監査の組合せが分布形状に影響している可能性,次回、該当ポジションの補正と分位点・閾値率を同時に調整候補として検証
fielder_position,二塁手,守備力_std_ratio,1.0,0.7233177109012261,-0.2766822890987739,generated_std/real_std,medium,43,4118,,,,ポジション別基準値、archetype/position_style補正、上限・弱点監査の組合せが分布形状に影響している可能性,次回、該当ポジションの補正と分位点・閾値率を同時に調整候補として検証
fielder_position,二塁手,捕球_50以上率,62.7906976744186,46.43030597377368,16.360391700644925,real-generated percentage points,medium,43,4118,,,,ポジション別基準値、archetype/position_style補正、上限・弱点監査の組合せが分布形状に影響している可能性,次回、該当ポジションの補正と分位点・閾値率を同時に調整候補として検証
fielder_position,二塁手,捕球_60以上率,30.23255813953488,10.296260320543954,19.936297818990926,real-generated percentage points,medium,43,4118,,,,ポジション別基準値、archetype/position_style補正、上限・弱点監査の組合せが分布形状に影響している可能性,次回、該当ポジションの補正と分位点・閾値率を同時に調整候補として検証
fielder_position,二塁手,捕球_65以上率,20.930232558139537,6.022340942204954,14.907891615934583,real-generated percentage points,medium,43,4118,,,,ポジション別基準値、archetype/position_style補正、上限・弱点監査の組合せが分布形状に影響している可能性,次回、該当ポジションの補正と分位点・閾値率を同時に調整候補として検証
fielder_position,二塁手,捕球_P95,75.8,66.0,9.799999999999997,real-generated,medium,43,4118,,,,ポジション別基準値、archetype/position_style補正、上限・弱点監査の組合せが分布形状に影響している可能性,次回、該当ポジションの補正と分位点・閾値率を同時に調整候補として検証
fielder_position,二塁手,捕球_std_ratio,1.0,0.5932495407675099,-0.4067504592324901,generated_std/real_std,medium,43,4118,,,,ポジション別基準値、archetype/position_style補正、上限・弱点監査の組合せが分布形状に影響している可能性,次回、該当ポジションの補正と分位点・閾値率を同時に調整候補として検証
fielder_position,二塁手,肩力_50以上率,76.74418604651163,93.80767362797474,-17.063487581463107,real-generated percentage points,medium,43,4118,,,,ポジション別基準値、archetype/position_style補正、上限・弱点監査の組合せが分布形状に影響している可能性,次回、該当ポジションの補正と分位点・閾値率を同時に調整候補として検証
fielder_position,二塁手,肩力_std_ratio,1.0,0.7417421391540798,-0.2582578608459202,generated_std/real_std,medium,43,4118,,,,ポジション別基準値、archetype/position_style補正、上限・弱点監査の組合せが分布形状に影響している可能性,次回、該当ポジションの補正と分位点・閾値率を同時に調整候補として検証
fielder_position,二塁手,走力_80以上率,27.906976744186046,13.89023797960175,14.016738764584296,real-generated percentage points,medium,43,4118,,,,ポジション別基準値、archetype/position_style補正、上限・弱点監査の組合せが分布形状に影響している可能性,次回、該当ポジションの補正と分位点・閾値率を同時に調整候補として検証
fielder_position,外野手,パワー_50以上率,77.77777777777779,58.96559329510366,18.812184482674127,real-generated percentage points,medium,126,9068,,,,ポジション別基準値、archetype/position_style補正、上限・弱点監査の組合せが分布形状に影響している可能性,次回、該当ポジションの補正と分位点・閾値率を同時に調整候補として検証
fielder_position,外野手,パワー_60以上率,48.41269841269841,28.56197617997353,19.85072223272488,real-generated percentage points,medium,126,9068,,,,ポジション別基準値、archetype/position_style補正、上限・弱点監査の組合せが分布形状に影響している可能性,次回、該当ポジションの補正と分位点・閾値率を同時に調整候補として検証
fielder_position,外野手,パワー_中央値,59.0,52.0,7.0,real-generated,medium,126,9068,,,,ポジション別基準値、archetype/position_style補正、上限・弱点監査の組合せが分布形状に影響している可能性,次回、該当ポジションの補正と分位点・閾値率を同時に調整候補として検証
fielder_position,外野手,守備力_60以上率,26.190476190476193,9.57212174680194,16.618354443674253,real-generated percentage points,medium,126,9068,,,,ポジション別基準値、archetype/position_style補正、上限・弱点監査の組合せが分布形状に影響している可能性,次回、該当ポジションの補正と分位点・閾値率を同時に調整候補として検証
fielder_position,外野手,守備力_P90,67.5,59.0,8.5,real-generated,medium,126,9068,,,,ポジション別基準値、archetype/position_style補正、上限・弱点監査の組合せが分布形状に影響している可能性,次回、該当ポジションの補正と分位点・閾値率を同時に調整候補として検証
fielder_position,外野手,守備力_P95,71.0,63.0,8.0,real-generated,medium,126,9068,,,,ポジション別基準値、archetype/position_style補正、上限・弱点監査の組合せが分布形状に影響している可能性,次回、該当ポジションの補正と分位点・閾値率を同時に調整候補として検証
fielder_position,外野手,肩力_std_ratio,1.0,0.7621014576672854,-0.23789854233271457,generated_std/real_std,medium,126,9068,,,,ポジション別基準値、archetype/position_style補正、上限・弱点監査の組合せが分布形状に影響している可能性,次回、該当ポジションの補正と分位点・閾値率を同時に調整候補として検証
fielder_position,外野手,走力_80以上率,28.57142857142857,11.722540802823115,16.848887768605454,real-generated percentage points,medium,126,9068,,,,ポジション別基準値、archetype/position_style補正、上限・弱点監査の組合せが分布形状に影響している可能性,次回、該当ポジションの補正と分位点・閾値率を同時に調整候補として検証
fielder_position,外野手,走力_std_ratio,1.0,0.7611393885421162,-0.23886061145788384,generated_std/real_std,medium,126,9068,,,,ポジション別基準値、archetype/position_style補正、上限・弱点監査の組合せが分布形状に影響している可能性,次回、該当ポジションの補正と分位点・閾値率を同時に調整候補として検証
fielder_position,捕手,パワー_P95,66.0,75.0,-9.0,real-generated,medium,83,3615,,,,ポジション別基準値、archetype/position_style補正、上限・弱点監査の組合せが分布形状に影響している可能性,次回、該当ポジションの補正と分位点・閾値率を同時に調整候補として検証
fielder_position,捕手,パワー_std_ratio,1.0,1.2203957253084898,0.22039572530848983,generated_std/real_std,medium,83,3615,,,,ポジション別基準値、archetype/position_style補正、上限・弱点監査の組合せが分布形状に影響している可能性,次回、該当ポジションの補正と分位点・閾値率を同時に調整候補として検証
fielder_position,捕手,ミート_std_ratio,1.0,1.3123157336742597,0.3123157336742597,generated_std/real_std,medium,83,3615,,,,ポジション別基準値、archetype/position_style補正、上限・弱点監査の組合せが分布形状に影響している可能性,次回、該当ポジションの補正と分位点・閾値率を同時に調整候補として検証
fielder_position,捕手,守備力_39以下率,14.457831325301203,0.11065006915629322,14.34718125614491,real-generated percentage points,medium,83,3615,,,,ポジション別基準値、archetype/position_style補正、上限・弱点監査の組合せが分布形状に影響している可能性,次回、該当ポジションの補正と分位点・閾値率を同時に調整候補として検証
fielder_position,捕手,守備力_std_ratio,1.0,0.7624038365487745,-0.23759616345122547,generated_std/real_std,medium,83,3615,,,,ポジション別基準値、archetype/position_style補正、上限・弱点監査の組合せが分布形状に影響している可能性,次回、該当ポジションの補正と分位点・閾値率を同時に調整候補として検証
fielder_position,捕手,肩力_70以上率,69.87951807228916,56.34854771784232,13.530970354446836,real-generated percentage points,medium,83,3615,,,,ポジション別基準値、archetype/position_style補正、上限・弱点監査の組合せが分布形状に影響している可能性,次回、該当ポジションの補正と分位点・閾値率を同時に調整候補として検証
fielder_position,遊撃手,ミート_39以下率,57.35294117647059,43.72122226873169,13.6317189077389,real-generated percentage points,medium,68,4778,,,,ポジション別基準値、archetype/position_style補正、上限・弱点監査の組合せが分布形状に影響している可能性,次回、該当ポジションの補正と分位点・閾値率を同時に調整候補として検証
fielder_position,遊撃手,ミート_std_ratio,1.0,1.3389688099976782,0.3389688099976782,generated_std/real_std,medium,68,4778,,,,ポジション別基準値、archetype/position_style補正、上限・弱点監査の組合せが分布形状に影響している可能性,次回、該当ポジションの補正と分位点・閾値率を同時に調整候補として検証
fielder_position,遊撃手,守備力_60以上率,30.88235294117647,18.81540393470071,12.06694900647576,real-generated percentage points,medium,68,4778,,,,ポジション別基準値、archetype/position_style補正、上限・弱点監査の組合せが分布形状に影響している可能性,次回、該当ポジションの補正と分位点・閾値率を同時に調整候補として検証
fielder_position,遊撃手,守備力_P95,78.94999999999999,70.0,8.949999999999989,real-generated,medium,68,4778,,,,ポジション別基準値、archetype/position_style補正、上限・弱点監査の組合せが分布形状に影響している可能性,次回、該当ポジションの補正と分位点・閾値率を同時に調整候補として検証
fielder_position,遊撃手,守備力_std_ratio,1.0,0.624353463228414,-0.375646536771586,generated_std/real_std,medium,68,4778,,,,ポジション別基準値、archetype/position_style補正、上限・弱点監査の組合せが分布形状に影響している可能性,次回、該当ポジションの補正と分位点・閾値率を同時に調整候補として検証
fielder_position,遊撃手,弾道_std_ratio,1.0,0.7909210481535618,-0.2090789518464382,generated_std/real_std,medium,68,4778,,,,ポジション別基準値、archetype/position_style補正、上限・弱点監査の組合せが分布形状に影響している可能性,次回、該当ポジションの補正と分位点・閾値率を同時に調整候補として検証
fielder_position,遊撃手,捕球_39以下率,26.47058823529412,10.820426956885726,15.650161278408394,real-generated percentage points,medium,68,4778,,,,ポジション別基準値、archetype/position_style補正、上限・弱点監査の組合せが分布形状に影響している可能性,次回、該当ポジションの補正と分位点・閾値率を同時に調整候補として検証
fielder_position,遊撃手,捕球_P95,71.25,63.0,8.25,real-generated,medium,68,4778,,,,ポジション別基準値、archetype/position_style補正、上限・弱点監査の組合せが分布形状に影響している可能性,次回、該当ポジションの補正と分位点・閾値率を同時に調整候補として検証
fielder_position,遊撃手,捕球_std_ratio,1.0,0.6394004284065397,-0.36059957159346034,generated_std/real_std,medium,68,4778,,,,ポジション別基準値、archetype/position_style補正、上限・弱点監査の組合せが分布形状に影響している可能性,次回、該当ポジションの補正と分位点・閾値率を同時に調整候補として検証
pitcher_overall,投手全体,表示球種数_std_ratio,1.0,1.2970148787776818,0.29701487877768185,generated_std/real_std,medium,402,30000,,,,複数の現行補正が分布差に寄与している可能性,次回、関連生成関数を分解して感度分析
pitcher_role,中継ぎ,コントロール_P90,55.0,64.0,-9.0,real-generated,medium,128,12535,,,,役割別能力補正または投手archetype構成が分布に影響している可能性,次回、役割別の平均だけでなくP90/P95を保った補正案を試算
pitcher_role,中継ぎ,コントロール_std_ratio,1.0,1.3389423612056546,0.3389423612056546,generated_std/real_std,medium,128,12535,,,,役割別能力補正または投手archetype構成が分布に影響している可能性,次回、役割別の平均だけでなくP90/P95を保った補正案を試算
pitcher_role,中継ぎ,球速_std_ratio,1.0,1.2768632326150045,0.27686323261500445,generated_std/real_std,medium,128,12535,,,,役割別能力補正または投手archetype構成が分布に影響している可能性,次回、役割別の平均だけでなくP90/P95を保った補正案を試算
pitcher_role,中継ぎ,表示球種数_std_ratio,1.0,1.207312272357616,0.20731227235761596,generated_std/real_std,medium,128,12535,,,,役割別能力補正または投手archetype構成が分布に影響している可能性,次回、役割別の平均だけでなくP90/P95を保った補正案を試算
pitcher_role,先発,スタミナ_std_ratio,1.0,0.7976921148303647,-0.20230788516963527,generated_std/real_std,medium,206,14705,,,,役割別能力補正または投手archetype構成が分布に影響している可能性,次回、役割別の平均だけでなくP90/P95を保った補正案を試算
pitcher_role,先発,表示球種数_std_ratio,1.0,1.4762167242883402,0.47621672428834017,generated_std/real_std,medium,206,14705,,,,役割別能力補正または投手archetype構成が分布に影響している可能性,次回、役割別の平均だけでなくP90/P95を保った補正案を試算
pitcher_role,抑え,球速_std_ratio,1.0,1.3698053486892867,0.3698053486892867,generated_std/real_std,medium,68,2760,,,,役割別能力補正または投手archetype構成が分布に影響している可能性,次回、役割別の平均だけでなくP90/P95を保った補正案を試算
ranked_special,野手,キャッチャーF,21.34831460674157,5.986754966887417,-15.361559639854153,generated-real percentage points; real explicit only,medium,89,3775,,,,ranked_weight_items_for_groupと能力連動shiftが実在の明示非D分布と異なる可能性,次回、D補完をせず非Dランクだけでweight/shiftを再検証
ranked_special,野手,ケガしにくさE,50.6426735218509,36.14666666666667,-14.496006855184234,generated-real percentage points; real explicit only,medium,389,30000,,,,ranked_weight_items_for_groupと能力連動shiftが実在の明示非D分布と異なる可能性,次回、D補完をせず非Dランクだけでweight/shiftを再検証
ranked_special,野手,走塁E,3.3419023136246784,18.58666666666667,15.24476435304199,generated-real percentage points; real explicit only,medium,389,30000,,,,ranked_weight_items_for_groupと能力連動shiftが実在の明示非D分布と異なる可能性,次回、D補完をせず非Dランクだけでweight/shiftを再検証
ranked_special,野手,送球C,18.251928020565554,30.67666666666667,12.424738646101115,generated-real percentage points; real explicit only,medium,389,30000,,,,ranked_weight_items_for_groupと能力連動shiftが実在の明示非D分布と異なる可能性,次回、D補完をせず非Dランクだけでweight/shiftを再検証
special_name,投手,ゴロピッチャー,9.701492537313433,2.45,-7.251492537313433,generated-real percentage points,medium,402,30000,3.46,-6.241492537313433,False,個別weight、context multiplier、競合排除または候補条件が保有率差に寄与している可能性,次回、該当能力の候補者率と抽選到達率を分解して調整
special_name,投手,フライボールピッチャー,10.945273631840797,1.79,-9.155273631840796,generated-real percentage points,medium,402,30000,2.5,-8.445273631840797,False,個別weight、context multiplier、競合排除または候補条件が保有率差に寄与している可能性,次回、該当能力の候補者率と抽選到達率を分解して調整
special_name,投手,四球,28.109452736318406,20.956666666666667,-7.152786069651739,generated-real percentage points,medium,402,30000,7.26,-20.849452736318405,True,個別weight、context multiplier、競合排除または候補条件が保有率差に寄与している可能性,次回、該当能力の候補者率と抽選到達率を分解して調整
special_name,投手,安全圏○,0.0,7.376666666666666,7.376666666666666,generated-real percentage points,medium,402,30000,5.06,5.06,False,個別weight、context multiplier、競合排除または候補条件が保有率差に寄与している可能性,次回、該当能力の候補者率と抽選到達率を分解して調整
special_name,投手,荒れ球,10.945273631840797,3.73,-7.215273631840796,generated-real percentage points,medium,402,30000,4.52,-6.425273631840797,False,個別weight、context multiplier、競合排除または候補条件が保有率差に寄与している可能性,次回、該当能力の候補者率と抽選到達率を分解して調整
special_name,野手,サヨナラ男,20.565552699228792,13.03,-7.535552699228793,generated-real percentage points,medium,389,30000,4.3,-16.26555269922879,True,個別weight、context multiplier、競合排除または候補条件が保有率差に寄与している可能性,次回、該当能力の候補者率と抽選到達率を分解して調整
special_name,野手,死球集中,8.740359897172237,1.0699999999999998,-7.670359897172236,generated-real percentage points,medium,389,30000,2.54,-6.200359897172237,False,個別weight、context multiplier、競合排除または候補条件が保有率差に寄与している可能性,次回、該当能力の候補者率と抽選到達率を分解して調整
special_name,野手,選球眼,18.251928020565554,8.253333333333334,-9.99859468723222,generated-real percentage points,medium,389,30000,4.760000000000001,-13.491928020565553,True,個別weight、context multiplier、競合排除または候補条件が保有率差に寄与している可能性,次回、該当能力の候補者率と抽選到達率を分解して調整
special_name,野手,野手調子安定,0.0,8.126666666666667,8.126666666666667,generated-real percentage points,medium,389,30000,,,,個別weight、context multiplier、競合排除または候補条件が保有率差に寄与している可能性,次回、該当能力の候補者率と抽選到達率を分解して調整
trajectory,三塁手,弾道2率,12.5,26.9377990430622,-14.4377990430622,real-generated percentage points,medium,40,4180,,,,パワー閾値とposition_styleによる弾道下限補正が割合を押し上げ/下げている可能性,次回、弾道決定閾値をポジション別実在分布に対して検証
trajectory,三塁手,弾道3以上率,87.5,69.80861244019138,17.691387559808618,real-generated percentage points,medium,40,4180,,,,パワー閾値とposition_styleによる弾道下限補正が割合を押し上げ/下げている可能性,次回、弾道決定閾値をポジション別実在分布に対して検証
usage,投手,usage_保有率,100.0,27.35666666666667,72.64333333333333,real-generated percentage points,medium,402,30000,,,,実在Excelはusage/defaultを明示する一方、生成側は明示選択分だけを保持する表現差が含まれる可能性,次回、生成確率を変える前にdefaultを含むusage保存仕様と比較分母を統一
usage,投手,おまかせ,48.258706467661696,0.0,-48.258706467661696,generated-real percentage points,medium,402,30000,,,,実在Excelはusage/defaultを明示する一方、生成側は明示選択分だけを保持する表現差が含まれる可能性,次回、生成確率を変える前にdefaultを含むusage保存仕様と比較分母を統一
usage,投手,調子次第,18.407960199004975,0.0,-18.407960199004975,generated-real percentage points,medium,402,30000,,,,実在Excelはusage/defaultを明示する一方、生成側は明示選択分だけを保持する表現差が含まれる可能性,次回、生成確率を変える前にdefaultを含むusage保存仕様と比較分母を統一
fielder_position,一塁手,パワー_50以上率,89.65517241379311,80.45272341428908,9.202448999504028,real-generated percentage points,low,29,4241,,,,ポジション別基準値、archetype/position_style補正、上限・弱点監査の組合せが分布形状に影響している可能性,次回、該当ポジションの補正と分位点・閾値率を同時に調整候補として検証
fielder_position,一塁手,パワー_60以上率,58.620689655172406,48.125442112709266,10.49524754246314,real-generated percentage points,low,29,4241,,,,ポジション別基準値、archetype/position_style補正、上限・弱点監査の組合せが分布形状に影響している可能性,次回、該当ポジションの補正と分位点・閾値率を同時に調整候補として検証
fielder_position,一塁手,パワー_65以上率,41.37931034482759,32.13864654562603,9.240663799201556,real-generated percentage points,low,29,4241,,,,ポジション別基準値、archetype/position_style補正、上限・弱点監査の組合せが分布形状に影響している可能性,次回、該当ポジションの補正と分位点・閾値率を同時に調整候補として検証
fielder_position,一塁手,ミート_中央値,49.0,41.0,8.0,real-generated,low,29,4241,,,,ポジション別基準値、archetype/position_style補正、上限・弱点監査の組合せが分布形状に影響している可能性,次回、該当ポジションの補正と分位点・閾値率を同時に調整候補として検証
fielder_position,一塁手,守備力_39以下率,27.586206896551722,38.74086300400849,-11.154656107456766,real-generated percentage points,low,29,4241,,,,ポジション別基準値、archetype/position_style補正、上限・弱点監査の組合せが分布形状に影響している可能性,次回、該当ポジションの補正と分位点・閾値率を同時に調整候補として検証
fielder_position,一塁手,守備力_50以上率,41.37931034482759,32.020749823154915,9.358560521672672,real-generated percentage points,low,29,4241,,,,ポジション別基準値、archetype/position_style補正、上限・弱点監査の組合せが分布形状に影響している可能性,次回、該当ポジションの補正と分位点・閾値率を同時に調整候補として検証
fielder_position,一塁手,守備力_std_ratio,1.0,1.2653068651166244,0.2653068651166244,generated_std/real_std,low,29,4241,,,,ポジション別基準値、archetype/position_style補正、上限・弱点監査の組合せが分布形状に影響している可能性,次回、該当ポジションの補正と分位点・閾値率を同時に調整候補として検証
fielder_position,一塁手,守備力_中央値,48.0,43.0,5.0,real-generated,low,29,4241,,,,ポジション別基準値、archetype/position_style補正、上限・弱点監査の組合せが分布形状に影響している可能性,次回、該当ポジションの補正と分位点・閾値率を同時に調整候補として検証
fielder_position,一塁手,弾道_std_ratio,1.0,1.290447020060507,0.29044702006050693,generated_std/real_std,low,29,4241,,,,ポジション別基準値、archetype/position_style補正、上限・弱点監査の組合せが分布形状に影響している可能性,次回、該当ポジションの補正と分位点・閾値率を同時に調整候補として検証
fielder_position,一塁手,捕球_50以上率,44.827586206896555,30.95967932091488,13.867906885981675,real-generated percentage points,low,29,4241,,,,ポジション別基準値、archetype/position_style補正、上限・弱点監査の組合せが分布形状に影響している可能性,次回、該当ポジションの補正と分位点・閾値率を同時に調整候補として検証
fielder_position,一塁手,捕球_60以上率,20.689655172413794,5.211035133223296,15.478620039190497,real-generated percentage points,low,29,4241,,,,ポジション別基準値、archetype/position_style補正、上限・弱点監査の組合せが分布形状に影響している可能性,次回、該当ポジションの補正と分位点・閾値率を同時に調整候補として検証
fielder_position,一塁手,捕球_65以上率,13.793103448275861,3.1596321622258903,10.633471286049971,real-generated percentage points,low,29,4241,,,,ポジション別基準値、archetype/position_style補正、上限・弱点監査の組合せが分布形状に影響している可能性,次回、該当ポジションの補正と分位点・閾値率を同時に調整候補として検証
fielder_position,一塁手,捕球_P90,65.4,56.0,9.400000000000006,real-generated,low,29,4241,,,,ポジション別基準値、archetype/position_style補正、上限・弱点監査の組合せが分布形状に影響している可能性,次回、該当ポジションの補正と分位点・閾値率を同時に調整候補として検証
fielder_position,一塁手,捕球_P95,69.99999999999999,60.0,9.999999999999986,real-generated,low,29,4241,,,,ポジション別基準値、archetype/position_style補正、上限・弱点監査の組合せが分布形状に影響している可能性,次回、該当ポジションの補正と分位点・閾値率を同時に調整候補として検証
fielder_position,一塁手,捕球_std_ratio,1.0,0.6300371364848089,-0.36996286351519114,generated_std/real_std,low,29,4241,,,,ポジション別基準値、archetype/position_style補正、上限・弱点監査の組合せが分布形状に影響している可能性,次回、該当ポジションの補正と分位点・閾値率を同時に調整候補として検証
fielder_position,一塁手,肩力_50以上率,79.3103448275862,91.84154680499881,-12.531201977412607,real-generated percentage points,low,29,4241,,,,ポジション別基準値、archetype/position_style補正、上限・弱点監査の組合せが分布形状に影響している可能性,次回、該当ポジションの補正と分位点・閾値率を同時に調整候補として検証
fielder_position,一塁手,肩力_65以上率,44.827586206896555,28.50742749351568,16.320158713380874,real-generated percentage points,low,29,4241,,,,ポジション別基準値、archetype/position_style補正、上限・弱点監査の組合せが分布形状に影響している可能性,次回、該当ポジションの補正と分位点・閾値率を同時に調整候補として検証
fielder_position,一塁手,肩力_70以上率,27.586206896551722,12.001886347559537,15.584320548992185,real-generated percentage points,low,29,4241,,,,ポジション別基準値、archetype/position_style補正、上限・弱点監査の組合せが分布形状に影響している可能性,次回、該当ポジションの補正と分位点・閾値率を同時に調整候補として検証
fielder_position,一塁手,肩力_std_ratio,1.0,0.637179071294558,-0.362820928705442,generated_std/real_std,low,29,4241,,,,ポジション別基準値、archetype/position_style補正、上限・弱点監査の組合せが分布形状に影響している可能性,次回、該当ポジションの補正と分位点・閾値率を同時に調整候補として検証
fielder_position,一塁手,走力_39以下率,27.586206896551722,8.441405328931856,19.144801567619865,real-generated percentage points,low,29,4241,,,,ポジション別基準値、archetype/position_style補正、上限・弱点監査の組合せが分布形状に影響している可能性,次回、該当ポジションの補正と分位点・閾値率を同時に調整候補として検証
fielder_position,一塁手,走力_60以上率,17.24137931034483,34.355104928082994,-17.113725617738165,real-generated percentage points,low,29,4241,,,,ポジション別基準値、archetype/position_style補正、上限・弱点監査の組合せが分布形状に影響している可能性,次回、該当ポジションの補正と分位点・閾値率を同時に調整候補として検証
fielder_position,一塁手,走力_65以上率,3.4482758620689653,19.665173308182034,-16.21689744611307,real-generated percentage points,low,29,4241,,,,ポジション別基準値、archetype/position_style補正、上限・弱点監査の組合せが分布形状に影響している可能性,次回、該当ポジションの補正と分位点・閾値率を同時に調整候補として検証
fielder_position,一塁手,走力_P90,61.0,69.0,-8.0,real-generated,low,29,4241,,,,ポジション別基準値、archetype/position_style補正、上限・弱点監査の組合せが分布形状に影響している可能性,次回、該当ポジションの補正と分位点・閾値率を同時に調整候補として検証
fielder_position,一塁手,走力_中央値,49.0,55.0,-6.0,real-generated,low,29,4241,,,,ポジション別基準値、archetype/position_style補正、上限・弱点監査の組合せが分布形状に影響している可能性,次回、該当ポジションの補正と分位点・閾値率を同時に調整候補として検証
fielder_position,一塁手,走力_平均,48.55172413793103,55.076397076161285,-6.524672938230253,real-generated,low,29,4241,,,,ポジション別基準値、archetype/position_style補正、上限・弱点監査の組合せが分布形状に影響している可能性,次回、該当ポジションの補正と分位点・閾値率を同時に調整候補として検証
fielder_position,三塁手,パワー_60以上率,52.5,43.94736842105263,8.55263157894737,real-generated percentage points,low,40,4180,,,,ポジション別基準値、archetype/position_style補正、上限・弱点監査の組合せが分布形状に影響している可能性,次回、該当ポジションの補正と分位点・閾値率を同時に調整候補として検証
fielder_position,三塁手,ミート_39以下率,35.0,43.56459330143541,-8.564593301435409,real-generated percentage points,low,40,4180,,,,ポジション別基準値、archetype/position_style補正、上限・弱点監査の組合せが分布形状に影響している可能性,次回、該当ポジションの補正と分位点・閾値率を同時に調整候補として検証
fielder_position,三塁手,守備力_39以下率,27.500000000000004,36.07655502392345,-8.576555023923444,real-generated percentage points,low,40,4180,,,,ポジション別基準値、archetype/position_style補正、上限・弱点監査の組合せが分布形状に影響している可能性,次回、該当ポジションの補正と分位点・閾値率を同時に調整候補として検証
fielder_position,三塁手,守備力_50以上率,45.0,34.52153110047847,10.47846889952153,real-generated percentage points,low,40,4180,,,,ポジション別基準値、archetype/position_style補正、上限・弱点監査の組合せが分布形状に影響している可能性,次回、該当ポジションの補正と分位点・閾値率を同時に調整候補として検証
fielder_position,三塁手,捕球_39以下率,27.500000000000004,37.72727272727273,-10.227272727272723,real-generated percentage points,low,40,4180,,,,ポジション別基準値、archetype/position_style補正、上限・弱点監査の組合せが分布形状に影響している可能性,次回、該当ポジションの補正と分位点・閾値率を同時に調整候補として検証
fielder_position,三塁手,捕球_60以上率,15.0,5.119617224880383,9.880382775119617,real-generated percentage points,low,40,4180,,,,ポジション別基準値、archetype/position_style補正、上限・弱点監査の組合せが分布形状に影響している可能性,次回、該当ポジションの補正と分位点・閾値率を同時に調整候補として検証
fielder_position,三塁手,肩力_65以上率,42.5,50.76555023923445,-8.26555023923445,real-generated percentage points,low,40,4180,,,,ポジション別基準値、archetype/position_style補正、上限・弱点監査の組合せが分布形状に影響している可能性,次回、該当ポジションの補正と分位点・閾値率を同時に調整候補として検証
fielder_position,三塁手,走力_50以上率,70.0,78.82775119617224,-8.827751196172244,real-generated percentage points,low,40,4180,,,,ポジション別基準値、archetype/position_style補正、上限・弱点監査の組合せが分布形状に影響している可能性,次回、該当ポジションの補正と分位点・閾値率を同時に調整候補として検証
fielder_position,二塁手,ミート_39以下率,13.953488372093023,23.288003885381254,-9.334515513288231,real-generated percentage points,low,43,4118,,,,ポジション別基準値、archetype/position_style補正、上限・弱点監査の組合せが分布形状に影響している可能性,次回、該当ポジションの補正と分位点・閾値率を同時に調整候補として検証
fielder_position,外野手,パワー_65以上率,27.77777777777778,18.537715041905603,9.240062735872176,real-generated percentage points,low,126,9068,,,,ポジション別基準値、archetype/position_style補正、上限・弱点監査の組合せが分布形状に影響している可能性,次回、該当ポジションの補正と分位点・閾値率を同時に調整候補として検証
fielder_position,外野手,パワー_70以上率,19.841269841269842,11.667401852668725,8.173867988601117,real-generated percentage points,low,126,9068,,,,ポジション別基準値、archetype/position_style補正、上限・弱点監査の組合せが分布形状に影響している可能性,次回、該当ポジションの補正と分位点・閾値率を同時に調整候補として検証
fielder_position,外野手,ミート_39以下率,32.53968253968254,43.82443758270843,-11.28475504302589,real-generated percentage points,low,126,9068,,,,ポジション別基準値、archetype/position_style補正、上限・弱点監査の組合せが分布形状に影響している可能性,次回、該当ポジションの補正と分位点・閾値率を同時に調整候補として検証
fielder_position,外野手,ミート_50以上率,34.12698412698413,25.055138950154387,9.07184517682974,real-generated percentage points,low,126,9068,,,,ポジション別基準値、archetype/position_style補正、上限・弱点監査の組合せが分布形状に影響している可能性,次回、該当ポジションの補正と分位点・閾値率を同時に調整候補として検証
fielder_position,外野手,守備力_65以上率,15.873015873015872,4.278782531980592,11.594233341035281,real-generated percentage points,low,126,9068,,,,ポジション別基準値、archetype/position_style補正、上限・弱点監査の組合せが分布形状に影響している可能性,次回、該当ポジションの補正と分位点・閾値率を同時に調整候補として検証
fielder_position,外野手,肩力_60以上率,77.77777777777779,86.27040141155713,-8.492623633779345,real-generated percentage points,low,126,9068,,,,ポジション別基準値、archetype/position_style補正、上限・弱点監査の組合せが分布形状に影響している可能性,次回、該当ポジションの補正と分位点・閾値率を同時に調整候補として検証
fielder_position,捕手,パワー_60以上率,18.072289156626507,29.294605809128633,-11.222316652502126,real-generated percentage points,low,83,3615,,,,ポジション別基準値、archetype/position_style補正、上限・弱点監査の組合せが分布形状に影響している可能性,次回、該当ポジションの補正と分位点・閾値率を同時に調整候補として検証
fielder_position,捕手,パワー_65以上率,8.433734939759036,18.3402489626556,-9.906514022896564,real-generated percentage points,low,83,3615,,,,ポジション別基準値、archetype/position_style補正、上限・弱点監査の組合せが分布形状に影響している可能性,次回、該当ポジションの補正と分位点・閾値率を同時に調整候補として検証
fielder_position,捕手,パワー_70以上率,2.4096385542168677,10.843706777316736,-8.43406822309987,real-generated percentage points,low,83,3615,,,,ポジション別基準値、archetype/position_style補正、上限・弱点監査の組合せが分布形状に影響している可能性,次回、該当ポジションの補正と分位点・閾値率を同時に調整候補として検証
fielder_position,捕手,捕球_50以上率,34.93975903614458,44.4536652835408,-9.513906247396221,real-generated percentage points,low,83,3615,,,,ポジション別基準値、archetype/position_style補正、上限・弱点監査の組合せが分布形状に影響している可能性,次回、該当ポジションの補正と分位点・閾値率を同時に調整候補として検証
fielder_position,遊撃手,守備力_65以上率,19.11764705882353,10.171619924654667,8.946027134168862,real-generated percentage points,low,68,4778,,,,ポジション別基準値、archetype/position_style補正、上限・弱点監査の組合せが分布形状に影響している可能性,次回、該当ポジションの補正と分位点・閾値率を同時に調整候補として検証
fielder_position,遊撃手,捕球_60以上率,17.647058823529413,6.739221431561322,10.90783739196809,real-generated percentage points,low,68,4778,,,,ポジション別基準値、archetype/position_style補正、上限・弱点監査の組合せが分布形状に影響している可能性,次回、該当ポジションの補正と分位点・閾値率を同時に調整候補として検証
fielder_position,遊撃手,走力_65以上率,73.52941176470588,63.813311008790286,9.716100755915598,real-generated percentage points,low,68,4778,,,,ポジション別基準値、archetype/position_style補正、上限・弱点監査の組合せが分布形状に影響している可能性,次回、該当ポジションの補正と分位点・閾値率を同時に調整候補として検証
fielder_position,遊撃手,走力_70以上率,55.88235294117647,44.788614483047304,11.093738458129167,real-generated percentage points,low,68,4778,,,,ポジション別基準値、archetype/position_style補正、上限・弱点監査の組合せが分布形状に影響している可能性,次回、該当ポジションの補正と分位点・閾値率を同時に調整候補として検証
fielder_position,遊撃手,走力_80以上率,22.058823529411764,12.390121389702804,9.66870213970896,real-generated percentage points,low,68,4778,,,,ポジション別基準値、archetype/position_style補正、上限・弱点監査の組合せが分布形状に影響している可能性,次回、該当ポジションの補正と分位点・閾値率を同時に調整候補として検証
pitcher_role,中継ぎ,コントロール_中央値,46.0,51.0,-5.0,real-generated,low,128,12535,,,,役割別能力補正または投手archetype構成が分布に影響している可能性,次回、役割別の平均だけでなくP90/P95を保った補正案を試算
ranked_special,投手,対左打者E,25.870646766169152,15.823333333333334,-10.047313432835818,generated-real percentage points; real explicit only,low,402,30000,,,,ranked_weight_items_for_groupと能力連動shiftが実在の明示非D分布と異なる可能性,次回、D補完をせず非Dランクだけでweight/shiftを再検証
ranked_special,投手,打たれ強さC,20.8955223880597,8.993333333333334,-11.902189054726366,generated-real percentage points; real explicit only,low,402,30000,,,,ranked_weight_items_for_groupと能力連動shiftが実在の明示非D分布と異なる可能性,次回、D補完をせず非Dランクだけでweight/shiftを再検証
ranked_special,野手,チャンスC,20.822622107969153,12.763333333333332,-8.05928877463582,generated-real percentage points; real explicit only,low,389,30000,,,,ranked_weight_items_for_groupと能力連動shiftが実在の明示非D分布と異なる可能性,次回、D補完をせず非Dランクだけでweight/shiftを再検証
ranked_special,野手,盗塁B,2.570694087403599,11.37,8.7993059125964,generated-real percentage points; real explicit only,low,389,30000,,,,ranked_weight_items_for_groupと能力連動shiftが実在の明示非D分布と異なる可能性,次回、D補完をせず非Dランクだけでweight/shiftを再検証
ranked_special,野手,盗塁C,13.881748071979436,23.52,9.638251928020564,generated-real percentage points; real explicit only,low,389,30000,,,,ranked_weight_items_for_groupと能力連動shiftが実在の明示非D分布と異なる可能性,次回、D補完をせず非Dランクだけでweight/shiftを再検証
special_kind,投手,青特_保有率,94.02985074626866,85.59333333333333,8.436517412935329,real-generated percentage points,low,402,30000,,,,種別ごとの候補数、usage抽選、個別weightの合成で保有者率が決まっている可能性,次回、通常特能数とは分離したまま種別別の候補到達率を検証
special_name,投手,キレ○,14.676616915422885,21.13,6.453383084577114,generated-real percentage points,low,402,30000,3.7199999999999998,-10.956616915422885,True,個別weight、context multiplier、競合排除または候補条件が保有率差に寄与している可能性,次回、該当能力の候補者率と抽選到達率を分解して調整
special_name,投手,スロースターター,11.194029850746269,4.616666666666667,-6.577363184079601,generated-real percentage points,low,402,30000,6.12,-5.074029850746268,False,個別weight、context multiplier、競合排除または候補条件が保有率差に寄与している可能性,次回、該当能力の候補者率と抽選到達率を分解して調整
special_name,投手,リリース○,30.597014925373134,24.41,-6.187014925373134,generated-real percentage points,low,402,30000,3.42,-27.177014925373136,True,個別weight、context multiplier、競合排除または候補条件が保有率差に寄与している可能性,次回、該当能力の候補者率と抽選到達率を分解して調整
special_name,投手,一発,10.44776119402985,3.8733333333333335,-6.574427860696517,generated-real percentage points,low,402,30000,3.7199999999999998,-6.72776119402985,True,個別weight、context multiplier、競合排除または候補条件が保有率差に寄与している可能性,次回、該当能力の候補者率と抽選到達率を分解して調整
special_name,投手,回またぎ○,11.691542288557214,5.413333333333333,-6.278208955223881,generated-real percentage points,low,402,30000,6.34,-5.351542288557214,False,個別weight、context multiplier、競合排除または候補条件が保有率差に寄与している可能性,次回、該当能力の候補者率と抽選到達率を分解して調整
special_name,投手,抜け球,24.378109452736318,17.426666666666666,-6.951442786069652,generated-real percentage points,low,402,30000,6.88,-17.49810945273632,True,個別weight、context multiplier、競合排除または候補条件が保有率差に寄与している可能性,次回、該当能力の候補者率と抽選到達率を分解して調整
special_name,投手,牽制○,13.930348258706468,8.373333333333335,-5.557014925373133,generated-real percentage points,low,402,30000,6.0,-7.930348258706468,True,個別weight、context multiplier、競合排除または候補条件が保有率差に寄与している可能性,次回、該当能力の候補者率と抽選到達率を分解して調整
special_name,投手,球速安定,31.343283582089555,24.713333333333335,-6.62995024875622,generated-real percentage points,low,402,30000,6.38,-24.963283582089556,True,個別weight、context multiplier、競合排除または候補条件が保有率差に寄与している可能性,次回、該当能力の候補者率と抽選到達率を分解して調整
special_name,投手,立ち上がり○,0.0,6.526666666666666,6.526666666666666,generated-real percentage points,low,402,30000,5.64,5.64,False,個別weight、context multiplier、競合排除または候補条件が保有率差に寄与している可能性,次回、該当能力の候補者率と抽選到達率を分解して調整
special_name,投手,重い球,0.0,5.81,5.81,generated-real percentage points,low,402,30000,5.12,5.12,False,個別weight、context multiplier、競合排除または候補条件が保有率差に寄与している可能性,次回、該当能力の候補者率と抽選到達率を分解して調整
special_name,野手,バント○,13.624678663239074,7.633333333333334,-5.99134532990574,generated-real percentage points,low,389,30000,5.36,-8.264678663239074,True,個別weight、context multiplier、競合排除または候補条件が保有率差に寄与している可能性,次回、該当能力の候補者率と抽選到達率を分解して調整
special_name,野手,ヘッドスライディング,10.025706940874036,16.150000000000002,6.124293059125966,generated-real percentage points,low,389,30000,4.46,-5.822776349614396,False,個別weight、context multiplier、競合排除または候補条件が保有率差に寄与している可能性,次回、該当能力の候補者率と抽選到達率を分解して調整
sub_position,全体,1個,19.794344473007712,28.046666666666663,-8.252322193658951,real-generated percentage points,low,389,30000,,,,サブポジ個数抽選とメインポジション別候補制約が保有率差に寄与している可能性,次回、左投げ制約を維持したまま個数・組合せweightを検証
trajectory,一塁手,弾道2率,6.896551724137931,23.225654326809714,-16.32910260267178,real-generated percentage points,low,29,4241,,,,パワー閾値とposition_styleによる弾道下限補正が割合を押し上げ/下げている可能性,次回、弾道決定閾値をポジション別実在分布に対して検証
trajectory,一塁手,弾道3以上率,93.10344827586206,74.88799811365244,18.21545016220962,real-generated percentage points,low,29,4241,,,,パワー閾値とposition_styleによる弾道下限補正が割合を押し上げ/下げている可能性,次回、弾道決定閾値をポジション別実在分布に対して検証
trajectory,一塁手,弾道3率,65.51724137931035,53.289318556944124,12.227922822366224,real-generated percentage points,low,29,4241,,,,パワー閾値とposition_styleによる弾道下限補正が割合を押し上げ/下げている可能性,次回、弾道決定閾値をポジション別実在分布に対して検証
trajectory,三塁手,弾道3率,55.00000000000001,44.78468899521531,10.215311004784695,real-generated percentage points,low,40,4180,,,,パワー閾値とposition_styleによる弾道下限補正が割合を押し上げ/下げている可能性,次回、弾道決定閾値をポジション別実在分布に対して検証
trajectory,二塁手,弾道1率,6.976744186046512,15.711510441962117,-8.734766255915606,real-generated percentage points,low,43,4118,,,,パワー閾値とposition_styleによる弾道下限補正が割合を押し上げ/下げている可能性,次回、弾道決定閾値をポジション別実在分布に対して検証
trajectory,外野手,弾道3以上率,58.730158730158735,49.7022496691663,9.027909060992435,real-generated percentage points,low,126,9068,,,,パワー閾値とposition_styleによる弾道下限補正が割合を押し上げ/下げている可能性,次回、弾道決定閾値をポジション別実在分布に対して検証
trajectory,遊撃手,弾道2率,64.70588235294117,73.10590205106739,-8.400019698126215,real-generated percentage points,low,68,4778,,,,パワー閾値とposition_styleによる弾道下限補正が割合を押し上げ/下げている可能性,次回、弾道決定閾値をポジション別実在分布に対して検証
usage,投手,ビハインドでも,7.960199004975125,0.0,-7.960199004975125,generated-real percentage points,low,402,30000,,,,実在Excelはusage/defaultを明示する一方、生成側は明示選択分だけを保持する表現差が含まれる可能性,次回、生成確率を変える前にdefaultを含むusage保存仕様と比較分母を統一
usage,投手,調子極端,7.711442786069651,0.0,-7.711442786069651,generated-real percentage points,low,402,30000,,,,実在Excelはusage/defaultを明示する一方、生成側は明示選択分だけを保持する表現差が含まれる可能性,次回、生成確率を変える前にdefaultを含むusage保存仕様と比較分母を統一
usage,野手,フル出場,0.2570694087403599,11.18,10.92293059125964,generated-real percentage points,low,389,30000,5.12,5.12,False,実在Excelはusage/defaultを明示する一方、生成側は明示選択分だけを保持する表現差が含まれる可能性,次回、生成確率を変える前にdefaultを含むusage保存仕様と比較分母を統一
usage,野手,人気者,0.0,5.5,5.5,generated-real percentage points,low,389,30000,,,,実在Excelはusage/defaultを明示する一方、生成側は明示選択分だけを保持する表現差が含まれる可能性,次回、生成確率を変える前にdefaultを含むusage保存仕様と比較分母を統一
usage,野手,代打要員,6.169665809768637,0.0,-6.169665809768637,generated-real percentage points,low,389,30000,,,,実在Excelはusage/defaultを明示する一方、生成側は明示選択分だけを保持する表現差が含まれる可能性,次回、生成確率を変える前にdefaultを含むusage保存仕様と比較分母を統一
usage,野手,積極打法,22.87917737789203,10.883333333333333,-11.995844044558698,generated-real percentage points,low,389,30000,4.6,-18.53624678663239,True,実在Excelはusage/defaultを明示する一方、生成側は明示選択分だけを保持する表現差が含まれる可能性,次回、生成確率を変える前にdefaultを含むusage保存仕様と比較分母を統一
usage,野手,積極走塁,18.76606683804627,12.120000000000001,-6.64606683804627,generated-real percentage points,low,389,30000,5.56,-13.463136246786632,True,実在Excelはusage/defaultを明示する一方、生成側は明示選択分だけを保持する表現差が含まれる可能性,次回、生成確率を変える前にdefaultを含むusage保存仕様と比較分母を統一
