domain,target,metric,seed_min,seed_max,seed_mean,seed_std,seed_range
overall,投手,コントロール,50.1429,50.3709,50.254533333333335,0.11407367502335107,0.22800000000000153
overall,投手,スタミナ,52.6966,52.7887,52.74870000000001,0.04722721672933922,0.09210000000000207
overall,投手,球速,150.546,150.6453,150.6086,0.05448146473801646,0.0992999999999995
overall,投手,第二球種数,0.1572,0.1695,0.16346666666666668,0.006153318887668132,0.012300000000000005
overall,投手,総変化量,6.4608,6.4825,6.474333333333334,0.011803530545278827,0.021700000000000053
overall,投手,表示球種数,2.766,2.7784,2.772,0.006209669878503944,0.012399999999999967
overall,投手,通常変化球数,2.5239,2.5343,2.5294,0.005225897052181551,0.010400000000000187
overall,野手,パワー,53.2094,53.4611,53.297266666666665,0.14200853260749274,0.2516999999999996
overall,野手,ミート,41.302,41.3749,41.34463333333333,0.037990832227437675,0.07289999999999708
overall,野手,守備力,49.4054,49.4267,49.4163,0.010658799181894975,0.021299999999996544
overall,野手,弾道,2.5144,2.5202,2.5177,0.0029816103031750324,0.005799999999999805
overall,野手,捕球,46.7409,46.8755,46.82266666666667,0.07181325318723111,0.13459999999999894
overall,野手,肩力,66.0401,66.0835,66.06733333333334,0.023722211813690382,0.043400000000005434
overall,野手,走力,63.7441,64.0574,63.917,0.1591584430685336,0.31329999999999814
special_count,投手,5個以上率,35.199999999999996,35.43,35.28666666666666,0.1250333288900753,0.23000000000000398
special_count,投手,平均,3.6439,3.6878,3.6678333333333337,0.022217185540327686,0.04390000000000027
special_count,野手,5個以上率,28.299999999999997,28.560000000000002,28.463333333333335,0.1422439219556823,0.2600000000000051
special_count,野手,平均,3.1833,3.1932,3.1872333333333334,0.005253887449625604,0.00990000000000002
