role,special,kind,real_holders,real_holder_rate_pct,generated_holders,generated_holder_rate_pct,generated_minus_real_pt,previous_value,previous_difference,improvement_pt,sample_real,sample_generated,focus
投手,DeNAキラー,青特,0,0.0,0,0.0,0.0,,,,402,30000,False
野手,DeNAキラー,青特,1,0.2570694087403599,0,0.0,-0.2570694087403599,,,,389,30000,False
野手,いぶし銀,青特,5,1.2853470437017995,598,1.9933333333333334,0.7079862896315339,4.26,2.9746529562982005,2.2666666666666666,389,30000,False
投手,おまかせ,usage,194,48.258706467661696,0,0.0,-48.258706467661696,,,,402,30000,False
野手,おまかせ,usage,0,0.0,0,0.0,0.0,,,,389,30000,False
投手,お祭り男,青特,0,0.0,0,0.0,0.0,,,,402,30000,False
野手,お祭り男,青特,14,3.5989717223650386,0,0.0,-3.5989717223650386,,,,389,30000,False
野手,かく乱,青特,7,1.7994858611825193,772,2.5733333333333333,0.773847472150814,4.62,2.820514138817481,2.046666666666667,389,30000,False
野手,ささやき破り,青特,0,0.0,560,1.866666666666667,1.866666666666667,0.8200000000000001,0.8200000000000001,-1.0466666666666669,389,30000,False
野手,アウトコースヒッター,青特,9,2.313624678663239,1057,3.523333333333333,1.2097086546700941,4.12,1.8063753213367613,0.5966666666666671,389,30000,False
野手,アベレージヒッター,青特,3,0.7712082262210797,473,1.5766666666666664,0.8054584404455868,1.54,0.7687917737789204,-0.0366666666666664,389,30000,False
野手,インコースヒッター,青特,30,7.712082262210797,1042,3.473333333333333,-4.238748928877463,3.92,-3.792082262210797,-0.4466666666666663,389,30000,False
野手,エラー,赤特,43,11.053984575835475,1870,6.233333333333333,-4.820651242502142,7.8,-3.2539845758354753,-1.5666666666666664,389,30000,False
投手,オリックスキラー,青特,5,1.2437810945273633,0,0.0,-1.2437810945273633,,,,402,30000,False
野手,オリックスキラー,青特,3,0.7712082262210797,0,0.0,-0.7712082262210797,,,,389,30000,False
野手,カット打ち,青特,38,9.768637532133676,3805,12.683333333333332,2.914695801199656,4.2,-5.568637532133676,2.6539417309340196,389,30000,False
投手,キレ○,青特,59,14.676616915422885,6339,21.13,6.453383084577114,3.7199999999999998,-10.956616915422885,4.503233830845771,402,30000,True
投手,クロスファイヤー,青特,27,6.7164179104477615,1311,4.37,-2.3464179104477614,1.72,-4.996417910447762,2.6500000000000004,402,30000,False
投手,ゴロピッチャー,青特,39,9.701492537313433,735,2.45,-7.251492537313433,3.46,-6.241492537313433,-1.0099999999999998,402,30000,False
野手,サヨナラ男,青特,80,20.565552699228792,3909,13.03,-7.535552699228793,4.3,-16.26555269922879,8.729999999999999,389,30000,True
投手,ジャイロボール,青特,1,0.24875621890547264,542,1.8066666666666669,1.5579104477611943,2.96,2.7112437810945273,1.153333333333333,402,30000,False
投手,スタミナ限界,usage,19,4.72636815920398,0,0.0,-4.72636815920398,,,,402,30000,False
野手,スタミナ限界,usage,0,0.0,0,0.0,0.0,,,,389,30000,False
投手,ストライク先行,青特,9,2.2388059701492535,949,3.163333333333333,0.9245273631840796,4.66,2.4211940298507466,1.496666666666667,402,30000,False
投手,スロースターター,赤特,45,11.194029850746269,1385,4.616666666666667,-6.577363184079601,6.12,-5.074029850746268,-1.503333333333333,402,30000,True
投手,セーブ狙い,usage,1,0.24875621890547264,0,0.0,-0.24875621890547264,,,,402,30000,False
野手,セーブ狙い,usage,0,0.0,0,0.0,0.0,,,,389,30000,False
野手,ダメ押し,青特,3,0.7712082262210797,616,2.0533333333333332,1.2821251071122535,4.5600000000000005,3.531722365038561,2.2495972579263075,389,30000,False
野手,チャンスメーカー,青特,5,1.2853470437017995,638,2.1266666666666665,0.841319622964867,4.42,3.1346529562982006,2.293333333333334,389,30000,False
野手,チームプレイ×,usage,0,0.0,1328,4.426666666666667,4.426666666666667,1.7999999999999998,1.7999999999999998,-2.626666666666667,389,30000,False
野手,チームプレイ○,usage,31,7.969151670951156,2073,6.909999999999999,-1.0591516709511568,2.9000000000000004,-5.326221079691516,4.267069408740359,389,30000,False
投手,テンポ○,usage,25,6.218905472636816,1953,6.510000000000001,0.2910945273631844,5.66,-0.5589054726368161,0.2678109452736317,402,30000,False
投手,ナチュラルシュート,青特,47,11.691542288557214,2097,6.99,-4.701542288557214,5.6000000000000005,-6.091542288557213,1.3899999999999997,402,30000,False
野手,ハイボールヒッター,青特,15,3.8560411311053984,1094,3.646666666666667,-0.20937446443873142,4.02,-0.09311053984575857,-0.11626392459297286,389,30000,False
野手,バント○,青特,53,13.624678663239074,2290,7.633333333333334,-5.99134532990574,5.36,-8.264678663239074,2.2733333333333343,389,30000,True
野手,バント職人,青特,7,1.7994858611825193,638,2.1266666666666665,0.3271808054841472,2.1399999999999997,0.08344473007712061,-0.24373607540702658,389,30000,False
野手,パワーヒッター,青特,4,1.0282776349614395,612,2.04,1.0117223650385605,2.4,1.3717223650385604,0.3599999999999999,389,30000,False
投手,ビハインドでも,usage,32,7.960199004975125,0,0.0,-7.960199004975125,,,,402,30000,False
野手,ビハインドでも,usage,0,0.0,0,0.0,0.0,,,,389,30000,False
投手,ファイターズキラー,青特,3,0.7462686567164178,0,0.0,-0.7462686567164178,,,,402,30000,False
野手,ファイターズキラー,青特,1,0.2570694087403599,0,0.0,-0.2570694087403599,,,,389,30000,False
投手,フライボールピッチャー,青特,44,10.945273631840797,537,1.79,-9.155273631840796,2.5,-8.445273631840797,-0.7099999999999991,402,30000,False
野手,フル出場,usage,1,0.2570694087403599,3354,11.18,10.92293059125964,5.12,5.12,-5.802930591259639,389,30000,False
野手,フレーミング○,青特,0,0.0,143,0.4766666666666666,0.4766666666666666,0.7000000000000001,0.7000000000000001,0.22333333333333344,389,30000,False
野手,フレーミング◎,青特,0,0.0,79,0.26333333333333336,0.26333333333333336,0.3,0.3,0.036666666666666625,389,30000,False
野手,ブロッキング,青特,0,0.0,191,0.6366666666666666,0.6366666666666666,0.74,0.74,0.10333333333333339,389,30000,False
野手,プルヒッター,青特,26,6.683804627249357,1046,3.4866666666666664,-3.1971379605826904,3.74,-3.2008740359897176,0.0037360754070272506,389,30000,False
野手,プレッシャーラン,青特,1,0.2570694087403599,732,2.44,2.18293059125964,4.62,4.36293059125964,2.1799999999999997,389,30000,False
野手,ヘッドスライディング,青特,39,10.025706940874036,4845,16.150000000000002,6.124293059125966,4.46,-5.822776349614396,-0.30151670951156984,389,30000,True
投手,ホークスキラー,青特,4,0.9950248756218906,0,0.0,-0.9950248756218906,,,,402,30000,False
野手,ホークスキラー,青特,2,0.5141388174807198,0,0.0,-0.5141388174807198,,,,389,30000,False
野手,ホーム死守,青特,13,3.3419023136246784,193,0.6433333333333333,-2.698568980291345,0.52,-2.8219023136246784,0.12333333333333352,389,30000,False
野手,ホーム突入,青特,19,4.884318766066838,1080,3.5999999999999996,-1.2843187660668383,4.26,-0.6243187660668381,-0.6600000000000001,389,30000,False
投手,ボール先行,赤特,0,0.0,1189,3.9633333333333334,3.9633333333333334,5.800000000000001,5.800000000000001,1.8366666666666673,402,30000,False
投手,ポーカーフェイス,青特,16,3.9800995024875623,388,1.2933333333333332,-2.686766169154229,2.68,-1.3000995024875621,-1.3866666666666667,402,30000,False
野手,マルチ弾,青特,18,4.627249357326478,1118,3.726666666666666,-0.9005826906598116,3.9,-0.7272493573264778,-0.17333333333333378,389,30000,False
野手,ミート多用,usage,34,8.740359897172237,3092,10.306666666666667,1.56630676949443,4.84,-3.900359897172237,2.334053127677807,389,30000,False
投手,ムード×,赤特,0,0.0,135,0.44999999999999996,0.44999999999999996,,,,402,30000,False
野手,ムード×,赤特,0,0.0,0,0.0,0.0,,,,389,30000,False
投手,ムード○,青特,0,0.0,505,1.6833333333333331,1.6833333333333331,,,,402,30000,False
野手,ムード○,青特,0,0.0,733,2.4433333333333334,2.4433333333333334,,,,389,30000,False
投手,ヤクルトキラー,青特,0,0.0,0,0.0,0.0,,,,402,30000,False
野手,ヤクルトキラー,青特,3,0.7712082262210797,0,0.0,-0.7712082262210797,,,,389,30000,False
野手,ラインドライブ,青特,12,3.0848329048843186,1053,3.51,0.4251670951156812,4.7,1.6151670951156816,1.1900000000000004,389,30000,False
野手,リベンジ,青特,0,0.0,610,2.033333333333333,2.033333333333333,4.5600000000000005,4.5600000000000005,2.5266666666666673,389,30000,False
投手,リリース○,青特,123,30.597014925373134,7323,24.41,-6.187014925373134,3.42,-27.177014925373136,20.990000000000002,402,30000,True
投手,リード時,usage,18,4.477611940298507,0,0.0,-4.477611940298507,,,,402,30000,False
野手,リード時,usage,0,0.0,0,0.0,0.0,,,,389,30000,False
野手,レーザービーム,青特,17,4.370179948586118,427,1.4233333333333333,-2.946846615252785,2.4,-1.9701799485861184,-0.9766666666666666,389,30000,False
投手,ロッテキラー,青特,0,0.0,0,0.0,0.0,,,,402,30000,False
野手,ロッテキラー,青特,2,0.5141388174807198,0,0.0,-0.5141388174807198,,,,389,30000,False
野手,ローボールヒッター,青特,10,2.570694087403599,503,1.6766666666666665,-0.8940274207369325,4.34,1.7693059125964008,0.8752784918594683,389,30000,False
投手,一発,赤特,42,10.44776119402985,1162,3.8733333333333335,-6.574427860696517,3.7199999999999998,-6.72776119402985,0.15333333333333332,402,30000,True
野手,三振,赤特,135,34.70437017994858,10634,35.446666666666665,0.7422964867180823,7.3999999999999995,-27.304370179948585,26.562073693230502,389,30000,True
投手,中日キラー,青特,3,0.7462686567164178,0,0.0,-0.7462686567164178,,,,402,30000,False
野手,中日キラー,青特,0,0.0,0,0.0,0.0,,,,389,30000,False
投手,中継ぎエース,usage,15,3.731343283582089,0,0.0,-3.731343283582089,,,,402,30000,False
野手,中継ぎエース,usage,0,0.0,0,0.0,0.0,,,,389,30000,False
投手,乱調,赤特,15,3.731343283582089,1095,3.65,-0.08134328358208931,6.98,3.248656716417911,3.167313432835822,402,30000,False
投手,人気者,usage,0,0.0,946,3.153333333333333,3.153333333333333,,,,402,30000,False
野手,人気者,usage,0,0.0,1650,5.5,5.5,,,,389,30000,False
野手,代打○,青特,4,1.0282776349614395,669,2.23,1.2017223650385604,5.46,4.43172236503856,3.2299999999999995,389,30000,False
投手,代打要員,usage,0,0.0,0,0.0,0.0,,,,402,30000,False
野手,代打要員,usage,24,6.169665809768637,0,0.0,-6.169665809768637,,,,389,30000,False
投手,代走要員,usage,0,0.0,0,0.0,0.0,,,,402,30000,False
野手,代走要員,usage,15,3.8560411311053984,0,0.0,-3.8560411311053984,,,,389,30000,False
投手,低め○,青特,14,3.482587064676617,2350,7.833333333333334,4.350746268656717,3.0,-0.48258706467661705,-3.8681592039801003,402,30000,False
野手,併殺,赤特,67,17.223650385604113,6294,20.979999999999997,3.7563496143958837,6.34,-10.883650385604113,7.12730077120823,389,30000,True
投手,全開,青特,0,0.0,298,0.9933333333333334,0.9933333333333334,2.54,2.54,1.5466666666666666,402,30000,False
投手,内角攻め,青特,65,16.169154228855724,3736,12.453333333333333,-3.7158208955223913,3.36,-12.809154228855725,9.093333333333334,402,30000,True
野手,内野安打○,青特,74,19.02313624678663,4857,16.189999999999998,-2.8331362467866334,5.46,-13.82020565552699,10.987069408740357,389,30000,True
野手,初球○,青特,37,9.511568123393316,1821,6.069999999999999,-3.441568123393316,5.54,-3.9715681233933156,0.5299999999999994,389,30000,False
投手,力配分,青特,19,4.72636815920398,286,0.9533333333333333,-3.7730348258706465,2.4,-2.3263681592039798,-1.4466666666666668,402,30000,False
投手,勝ち運,青特,9,2.2388059701492535,439,1.4633333333333334,-0.7754726368159202,4.14,1.9011940298507461,1.125721393034826,402,30000,False
投手,勝利投手,usage,14,3.482587064676617,0,0.0,-3.482587064676617,,,,402,30000,False
野手,勝利投手,usage,1,0.2570694087403599,0,0.0,-0.2570694087403599,,,,389,30000,False
投手,四球,赤特,113,28.109452736318406,6287,20.956666666666667,-7.152786069651739,7.26,-20.849452736318405,13.696666666666665,402,30000,True
投手,回またぎ○,青特,47,11.691542288557214,1624,5.413333333333333,-6.278208955223881,6.34,-5.351542288557214,-0.9266666666666667,402,30000,False
野手,固め打ち,青特,75,19.28020565552699,7160,23.866666666666667,4.586461011139676,4.9399999999999995,-14.340205655526992,9.753744644387316,389,30000,True
投手,国際大会×,赤特,0,0.0,225,0.75,0.75,,,,402,30000,False
野手,国際大会×,赤特,0,0.0,9,0.03,0.03,,,,389,30000,False
投手,国際大会○,青特,1,0.24875621890547264,649,2.1633333333333336,1.914577114427861,,,,402,30000,False
野手,国際大会○,青特,5,1.2853470437017995,1326,4.42,3.1346529562982006,,,,389,30000,False
投手,変化球中心,usage,50,12.437810945273633,2234,7.446666666666666,-4.991144278606966,5.319999999999999,-7.117810945273633,2.126666666666667,402,30000,False
投手,夏男,青特,1,0.24875621890547264,0,0.0,-0.24875621890547264,,,,402,30000,False
野手,夏男,青特,5,1.2853470437017995,0,0.0,-1.2853470437017995,,,,389,30000,False
投手,奪三振,青特,116,28.855721393034827,8609,28.696666666666665,-0.15905472636816143,5.12,-23.735721393034826,23.576666666666664,402,30000,True
投手,存在感,青特,3,0.7462686567164178,0,0.0,-0.7462686567164178,,,,402,30000,False
野手,存在感,青特,5,1.2853470437017995,0,0.0,-1.2853470437017995,,,,389,30000,False
野手,守備職人,青特,11,2.827763496143959,497,1.6566666666666667,-1.171096829477292,1.16,-1.9248329048843187,0.7537360754070266,389,30000,False
投手,守備要員,usage,0,0.0,0,0.0,0.0,,,,402,30000,False
野手,守備要員,usage,11,2.827763496143959,0,0.0,-2.827763496143959,,,,389,30000,False
投手,守護神,usage,10,2.4875621890547266,0,0.0,-2.4875621890547266,,,,402,30000,False
野手,守護神,usage,0,0.0,0,0.0,0.0,,,,389,30000,False
投手,安全圏○,青特,0,0.0,2213,7.376666666666666,7.376666666666666,5.06,5.06,-2.3166666666666664,402,30000,False
投手,完投,usage,3,0.7462686567164178,0,0.0,-0.7462686567164178,,,,402,30000,False
野手,完投,usage,0,0.0,0,0.0,0.0,,,,389,30000,False
投手,寸前,赤特,14,3.482587064676617,975,3.25,-0.23258706467661705,6.460000000000001,2.977412935323384,2.7448258706467668,402,30000,False
野手,対エース○,青特,0,0.0,446,1.4866666666666668,1.4866666666666668,2.06,2.06,0.5733333333333333,389,30000,False
野手,対ストレート○,青特,23,5.912596401028278,1656,5.52,-0.3925964010282783,5.0,-0.9125964010282779,0.5199999999999996,389,30000,False
投手,対ランナー,青特,37,9.203980099502488,1403,4.676666666666667,-4.527313432835821,4.08,-5.123980099502488,0.5966666666666667,402,30000,False
投手,対ランナー×,赤特,0,0.0,1095,3.65,3.65,5.24,5.24,1.5900000000000003,402,30000,False
投手,対ランナー○,青特,13,3.233830845771144,0,0.0,-3.233830845771144,,,,402,30000,False
野手,対ランナー○,青特,0,0.0,0,0.0,0.0,,,,389,30000,False
野手,対変化球○,青特,10,2.570694087403599,885,2.9499999999999997,0.3793059125964007,5.96,3.132236503856041,2.7529305912596405,389,30000,False
投手,対強打者○,青特,0,0.0,1322,4.406666666666666,4.406666666666666,1.94,1.94,-2.4666666666666663,402,30000,False
投手,尻上がり,青特,8,1.9900497512437811,991,3.3033333333333332,1.313283582089552,6.32,4.329950248756219,3.0166666666666675,402,30000,False
投手,左のワンポイント,usage,2,0.4975124378109453,0,0.0,-0.4975124378109453,,,,402,30000,False
野手,左のワンポイント,usage,0,0.0,0,0.0,0.0,,,,389,30000,False
投手,巨人キラー,青特,3,0.7462686567164178,0,0.0,-0.7462686567164178,,,,402,30000,False
野手,巨人キラー,青特,2,0.5141388174807198,0,0.0,-0.5141388174807198,,,,389,30000,False
野手,帳尻合わせ,青特,0,0.0,631,2.1033333333333335,2.1033333333333335,3.9600000000000004,3.9600000000000004,1.856666666666667,389,30000,False
投手,広島キラー,青特,2,0.4975124378109453,0,0.0,-0.4975124378109453,,,,402,30000,False
野手,広島キラー,青特,0,0.0,0,0.0,0.0,,,,389,30000,False
野手,広角打法,青特,29,7.455012853470437,1048,3.493333333333333,-3.9616795201371042,2.1399999999999997,-5.315012853470438,1.3533333333333335,389,30000,True
野手,強振多用,usage,41,10.539845758354756,3081,10.27,-0.2698457583547569,5.1,-5.439845758354757,5.17,389,30000,False
野手,悪球打ち,青特,18,4.627249357326478,260,0.8666666666666666,-3.760582690659811,2.74,-1.8872493573264775,-1.8733333333333335,389,30000,False
野手,意外性,青特,24,6.169665809768637,1077,3.5900000000000003,-2.579665809768637,3.9800000000000004,-2.189665809768637,-0.3900000000000001,389,30000,False
野手,慎重打法,usage,49,12.596401028277635,3211,10.703333333333333,-1.8930676949443015,4.78,-7.816401028277634,5.923333333333333,389,30000,False
野手,慎重盗塁,usage,40,10.282776349614396,3228,10.76,0.47722365038560355,4.8,4.8,4.322776349614396,389,30000,False
投手,打球反応○,青特,33,8.208955223880597,1822,6.073333333333333,-2.135621890547264,5.12,-3.088955223880597,0.9533333333333331,402,30000,False
投手,投手存在感,青特,0,0.0,190,0.6333333333333333,0.6333333333333333,1.7000000000000002,1.7000000000000002,1.0666666666666669,402,30000,False
投手,投手調子安定,緑特,0,0.0,949,3.163333333333333,3.163333333333333,,,,402,30000,False
投手,投手調子極端,緑特,0,0.0,371,1.2366666666666666,1.2366666666666666,,,,402,30000,False
投手,投打躍動,青特,0,0.0,262,0.8733333333333333,0.8733333333333333,4.58,4.58,3.706666666666667,402,30000,False
投手,投球位置右,usage,5,1.2437810945273633,879,2.93,1.6862189054726369,1.8399999999999999,1.8399999999999999,0.153781094527363,402,30000,False
投手,投球位置左,usage,2,0.4975124378109453,907,3.0233333333333334,2.525820895522388,1.92,1.92,-0.6058208955223883,402,30000,False
投手,抜け球,赤特,98,24.378109452736318,5228,17.426666666666666,-6.951442786069652,6.88,-17.49810945273632,10.546666666666667,402,30000,True
投手,接戦時,usage,19,4.72636815920398,0,0.0,-4.72636815920398,,,,402,30000,False
野手,接戦時,usage,0,0.0,0,0.0,0.0,,,,389,30000,False
投手,春男,青特,0,0.0,0,0.0,0.0,,,,402,30000,False
野手,春男,青特,7,1.7994858611825193,0,0.0,-1.7994858611825193,,,,389,30000,False
投手,根性,青特,0,0.0,1244,4.1466666666666665,4.1466666666666665,4.82,4.82,0.6733333333333338,402,30000,False
投手,楽天キラー,青特,1,0.24875621890547264,0,0.0,-0.24875621890547264,,,,402,30000,False
野手,楽天キラー,青特,2,0.5141388174807198,0,0.0,-0.5141388174807198,,,,389,30000,False
野手,死球集中,青特,34,8.740359897172237,321,1.0699999999999998,-7.670359897172236,2.54,-6.200359897172237,-1.4699999999999998,389,30000,False
野手,決勝打,青特,51,13.110539845758353,5369,17.896666666666665,4.786126820908311,3.5000000000000004,-9.610539845758353,4.824413024850042,389,30000,True
野手,流し打ち,青特,66,16.966580976863753,3953,13.176666666666668,-3.7899143101970854,5.12,-11.846580976863752,8.056666666666667,389,30000,True
野手,満塁男,青特,67,17.223650385604113,3784,12.613333333333332,-4.610317052270782,4.22,-13.003650385604114,8.393333333333333,389,30000,True
投手,火消し,青特,1,0.24875621890547264,893,2.9766666666666666,2.727910447761194,4.32,4.071243781094528,1.3433333333333337,402,30000,False
投手,牽制○,青特,56,13.930348258706468,2512,8.373333333333335,-5.557014925373133,6.0,-7.930348258706468,2.373333333333335,402,30000,False
投手,球持ち○,青特,88,21.890547263681594,6480,21.6,-0.2905472636815922,3.0,-18.890547263681594,18.6,402,30000,True
投手,球速安定,青特,126,31.343283582089555,7414,24.713333333333335,-6.62995024875622,6.38,-24.963283582089556,18.333333333333336,402,30000,True
投手,真っスラ,青特,33,8.208955223880597,2122,7.073333333333333,-1.135621890547264,5.4399999999999995,-2.7689552238805977,1.6333333333333337,402,30000,False
投手,短気,赤特,0,0.0,1125,3.75,3.75,5.38,5.38,1.63,402,30000,False
投手,秋男,青特,1,0.24875621890547264,0,0.0,-0.24875621890547264,,,,402,30000,False
野手,秋男,青特,2,0.5141388174807198,0,0.0,-0.5141388174807198,,,,389,30000,False
野手,積極守備,usage,59,15.167095115681233,3215,10.716666666666667,-4.4504284490145665,5.9799999999999995,-9.444164524421595,4.993736075407028,389,30000,False
野手,積極打法,usage,89,22.87917737789203,3265,10.883333333333333,-11.995844044558698,4.6,-18.53624678663239,6.540402742073692,389,30000,True
野手,積極盗塁,usage,49,12.596401028277635,3341,11.136666666666667,-1.459734361610968,5.18,-7.416401028277635,5.956666666666667,389,30000,False
野手,積極走塁,usage,73,18.76606683804627,3636,12.120000000000001,-6.64606683804627,5.56,-13.463136246786632,6.8170694087403625,389,30000,True
野手,窮地○,青特,0,0.0,934,3.1133333333333333,3.1133333333333333,5.9799999999999995,5.9799999999999995,2.8666666666666663,389,30000,False
投手,立ち上がり○,青特,0,0.0,1958,6.526666666666666,6.526666666666666,5.64,5.64,-0.8866666666666667,402,30000,False
野手,粘り打ち,青特,27,6.940874035989718,1380,4.6,-2.340874035989718,4.58,-2.360874035989718,0.019999999999999574,389,30000,False
投手,緊急登板○,青特,33,8.208955223880597,1258,4.193333333333333,-4.015621890547264,5.36,-2.848955223880597,-1.166666666666667,402,30000,False
投手,緩急○,青特,53,13.184079601990051,4951,16.503333333333334,3.3192537313432826,4.6,-8.584079601990052,5.264825870646769,402,30000,True
投手,荒れ球,青特,44,10.945273631840797,1119,3.73,-7.215273631840796,4.52,-6.425273631840797,-0.7899999999999991,402,30000,True
投手,西武キラー,青特,2,0.4975124378109453,0,0.0,-0.4975124378109453,,,,402,30000,False
野手,西武キラー,青特,1,0.2570694087403599,0,0.0,-0.2570694087403599,,,,389,30000,False
投手,要所○,青特,18,4.477611940298507,1113,3.71,-0.7676119402985071,5.52,1.0423880597014925,0.2747761194029854,402,30000,False
投手,調子安定,usage,14,3.482587064676617,0,0.0,-3.482587064676617,,,,402,30000,False
野手,調子安定,usage,1,0.2570694087403599,0,0.0,-0.2570694087403599,,,,389,30000,False
投手,調子極端,usage,31,7.711442786069651,0,0.0,-7.711442786069651,,,,402,30000,False
野手,調子極端,usage,12,3.0848329048843186,0,0.0,-3.0848329048843186,,,,389,30000,False
投手,調子次第,usage,74,18.407960199004975,0,0.0,-18.407960199004975,,,,402,30000,False
野手,調子次第,usage,0,0.0,0,0.0,0.0,,,,389,30000,False
投手,負け運,赤特,15,3.731343283582089,1307,4.3566666666666665,0.6253233830845772,5.6000000000000005,1.8686567164179113,1.243333333333334,402,30000,False
投手,軽い球,赤特,3,0.7462686567164178,754,2.513333333333333,1.7670646766169154,4.5600000000000005,3.8137313432835827,2.0466666666666673,402,30000,False
投手,逃げ球,青特,88,21.890547263681594,5584,18.613333333333333,-3.2772139303482604,5.16,-16.730547263681594,13.453333333333333,402,30000,True
野手,逆境○,青特,30,7.712082262210797,1739,5.796666666666667,-1.9154155955441299,5.76,-1.952082262210797,0.03666666666666707,389,30000,False
投手,速球中心,usage,42,10.44776119402985,2220,7.3999999999999995,-3.0477611940298504,6.2,-4.24776119402985,1.1999999999999993,402,30000,False
野手,選球眼,緑特,71,18.251928020565554,2476,8.253333333333334,-9.99859468723222,4.760000000000001,-13.491928020565553,3.4933333333333323,389,30000,True
投手,重い球,青特,0,0.0,1743,5.81,5.81,5.12,5.12,-0.6899999999999995,402,30000,False
野手,野手存在感,青特,0,0.0,371,1.2366666666666666,1.2366666666666666,1.5599999999999998,1.5599999999999998,0.32333333333333325,389,30000,False
野手,野手調子安定,緑特,0,0.0,2438,8.126666666666667,8.126666666666667,,,,389,30000,False
野手,野手調子極端,緑特,0,0.0,569,1.8966666666666667,1.8966666666666667,,,,389,30000,False
投手,闘志,青特,0,0.0,1442,4.806666666666667,4.806666666666667,4.1000000000000005,4.1000000000000005,-0.7066666666666661,402,30000,False
投手,阪神キラー,青特,1,0.24875621890547264,0,0.0,-0.24875621890547264,,,,402,30000,False
野手,阪神キラー,青特,1,0.2570694087403599,0,0.0,-0.2570694087403599,,,,389,30000,False
野手,高速チャージ,青特,1,0.2570694087403599,286,0.9533333333333333,0.6962639245929734,4.88,4.62293059125964,3.9266666666666663,389,30000,False
