dataset,hand,direction_code,count,sample,rate_pct,absolute_diff_against_real_pt,metric_type,direction_count,direction_set,sample_players
実在,全体,1,304,402.0,75.622,0.0,direction,,,
実在,全体,2,245,402.0,60.945,0.0,direction,,,
実在,全体,3,261,402.0,64.925,0.0,direction,,,
実在,全体,4,160,402.0,39.801,0.0,direction,,,
実在,全体,5,44,402.0,10.945,0.0,direction,,,
実在,右投,1,216,278.0,77.698,0.0,direction,,,
実在,右投,2,167,278.0,60.072,0.0,direction,,,
実在,右投,3,196,278.0,70.504,0.0,direction,,,
実在,右投,4,101,278.0,36.331,0.0,direction,,,
実在,右投,5,27,278.0,9.712,0.0,direction,,,
実在,左投,1,88,124.0,70.968,0.0,direction,,,
実在,左投,2,78,124.0,62.903,0.0,direction,,,
実在,左投,3,65,124.0,52.419,0.0,direction,,,
実在,左投,4,59,124.0,47.581,0.0,direction,,,
実在,左投,5,17,124.0,13.71,0.0,direction,,,
Phase 4前,全体,1,23365,30000.0,77.883,2.261,direction,,,
Phase 4前,全体,2,19289,30000.0,64.297,3.352,direction,,,
Phase 4前,全体,3,19377,30000.0,64.59,0.335,direction,,,
Phase 4前,全体,4,12954,30000.0,43.18,3.379,direction,,,
Phase 4前,全体,5,3782,30000.0,12.607,1.662,direction,,,
Phase 4前,右投,1,16157,20448.0,79.015,1.317,direction,,,
Phase 4前,右投,2,12871,20448.0,62.945,2.873,direction,,,
Phase 4前,右投,3,14087,20448.0,68.892,1.612,direction,,,
Phase 4前,右投,4,8197,20448.0,40.087,3.756,direction,,,
Phase 4前,右投,5,2314,20448.0,11.317,1.605,direction,,,
Phase 4前,左投,1,7208,9552.0,75.461,4.493,direction,,,
Phase 4前,左投,2,6418,9552.0,67.19,4.287,direction,,,
Phase 4前,左投,3,5290,9552.0,55.381,2.962,direction,,,
Phase 4前,左投,4,4757,9552.0,49.801,2.22,direction,,,
Phase 4前,左投,5,1468,9552.0,15.369,1.659,direction,,,
Phase 4後,全体,1,22380,30000.0,74.6,1.022,direction,,,
Phase 4後,全体,2,17760,30000.0,59.2,1.745,direction,,,
Phase 4後,全体,3,19449,30000.0,64.83,0.095,direction,,,
Phase 4後,全体,4,12316,30000.0,41.053,1.252,direction,,,
Phase 4後,全体,5,3344,30000.0,11.147,0.202,direction,,,
Phase 4後,右投,1,15498,20448.0,75.792,1.906,direction,,,
Phase 4後,右投,2,11737,20448.0,57.399,2.673,direction,,,
Phase 4後,右投,3,14146,20448.0,69.18,1.324,direction,,,
Phase 4後,右投,4,7820,20448.0,38.243,1.912,direction,,,
Phase 4後,右投,5,2020,20448.0,9.879,0.167,direction,,,
Phase 4後,左投,1,6882,9552.0,72.048,1.08,direction,,,
Phase 4後,左投,2,6023,9552.0,63.055,0.152,direction,,,
Phase 4後,左投,3,5303,9552.0,55.517,3.098,direction,,,
Phase 4後,左投,4,4496,9552.0,47.069,0.512,direction,,,
Phase 4後,左投,5,1324,9552.0,13.861,0.151,direction,,,
実在,全体,,12,,6.593,0.0,direction_set_2,2.0,1+2,182.0
実在,全体,,69,,37.912,0.0,direction_set_2,2.0,1+3,182.0
実在,全体,,27,,14.835,0.0,direction_set_2,2.0,1+4,182.0
実在,全体,,4,,2.198,0.0,direction_set_2,2.0,1+5,182.0
実在,全体,,39,,21.429,0.0,direction_set_2,2.0,2+3,182.0
実在,全体,,18,,9.89,0.0,direction_set_2,2.0,2+4,182.0
実在,全体,,2,,1.099,0.0,direction_set_2,2.0,2+5,182.0
実在,全体,,10,,5.495,0.0,direction_set_2,2.0,3+4,182.0
実在,全体,,1,,0.549,0.0,direction_set_2,2.0,3+5,182.0
実在,全体,,0,,0.0,0.0,direction_set_2,2.0,4+5,182.0
実在,全体,,82,,39.234,0.0,direction_set_3,3.0,1+2+3,209.0
実在,全体,,56,,26.794,0.0,direction_set_3,3.0,1+2+4,209.0
実在,全体,,11,,5.263,0.0,direction_set_3,3.0,1+2+5,209.0
実在,全体,,26,,12.44,0.0,direction_set_3,3.0,1+3+4,209.0
実在,全体,,9,,4.306,0.0,direction_set_3,3.0,1+3+5,209.0
実在,全体,,4,,1.914,0.0,direction_set_3,3.0,1+4+5,209.0
実在,全体,,11,,5.263,0.0,direction_set_3,3.0,2+3+4,209.0
実在,全体,,5,,2.392,0.0,direction_set_3,3.0,2+3+5,209.0
実在,全体,,5,,2.392,0.0,direction_set_3,3.0,2+4+5,209.0
実在,全体,,0,,0.0,0.0,direction_set_3,3.0,3+4+5,209.0
実在,右投,,7,,6.034,0.0,direction_set_2,2.0,1+2,116.0
実在,右投,,46,,39.655,0.0,direction_set_2,2.0,1+3,116.0
実在,右投,,18,,15.517,0.0,direction_set_2,2.0,1+4,116.0
実在,右投,,2,,1.724,0.0,direction_set_2,2.0,1+5,116.0
実在,右投,,26,,22.414,0.0,direction_set_2,2.0,2+3,116.0
実在,右投,,7,,6.034,0.0,direction_set_2,2.0,2+4,116.0
実在,右投,,0,,0.0,0.0,direction_set_2,2.0,2+5,116.0
実在,右投,,9,,7.759,0.0,direction_set_2,2.0,3+4,116.0
実在,右投,,1,,0.862,0.0,direction_set_2,2.0,3+5,116.0
実在,右投,,0,,0.0,0.0,direction_set_2,2.0,4+5,116.0
実在,右投,,71,,46.711,0.0,direction_set_3,3.0,1+2+3,152.0
実在,右投,,34,,22.368,0.0,direction_set_3,3.0,1+2+4,152.0
実在,右投,,7,,4.605,0.0,direction_set_3,3.0,1+2+5,152.0
実在,右投,,20,,13.158,0.0,direction_set_3,3.0,1+3+4,152.0
実在,右投,,5,,3.289,0.0,direction_set_3,3.0,1+3+5,152.0
実在,右投,,3,,1.974,0.0,direction_set_3,3.0,1+4+5,152.0
実在,右投,,5,,3.289,0.0,direction_set_3,3.0,2+3+4,152.0
実在,右投,,4,,2.632,0.0,direction_set_3,3.0,2+3+5,152.0
実在,右投,,3,,1.974,0.0,direction_set_3,3.0,2+4+5,152.0
実在,右投,,0,,0.0,0.0,direction_set_3,3.0,3+4+5,152.0
実在,左投,,5,,7.576,0.0,direction_set_2,2.0,1+2,66.0
実在,左投,,23,,34.848,0.0,direction_set_2,2.0,1+3,66.0
実在,左投,,9,,13.636,0.0,direction_set_2,2.0,1+4,66.0
実在,左投,,2,,3.03,0.0,direction_set_2,2.0,1+5,66.0
実在,左投,,13,,19.697,0.0,direction_set_2,2.0,2+3,66.0
実在,左投,,11,,16.667,0.0,direction_set_2,2.0,2+4,66.0
実在,左投,,2,,3.03,0.0,direction_set_2,2.0,2+5,66.0
実在,左投,,1,,1.515,0.0,direction_set_2,2.0,3+4,66.0
実在,左投,,0,,0.0,0.0,direction_set_2,2.0,3+5,66.0
実在,左投,,0,,0.0,0.0,direction_set_2,2.0,4+5,66.0
実在,左投,,11,,19.298,0.0,direction_set_3,3.0,1+2+3,57.0
実在,左投,,22,,38.596,0.0,direction_set_3,3.0,1+2+4,57.0
実在,左投,,4,,7.018,0.0,direction_set_3,3.0,1+2+5,57.0
実在,左投,,6,,10.526,0.0,direction_set_3,3.0,1+3+4,57.0
実在,左投,,4,,7.018,0.0,direction_set_3,3.0,1+3+5,57.0
実在,左投,,1,,1.754,0.0,direction_set_3,3.0,1+4+5,57.0
実在,左投,,6,,10.526,0.0,direction_set_3,3.0,2+3+4,57.0
実在,左投,,1,,1.754,0.0,direction_set_3,3.0,2+3+5,57.0
実在,左投,,2,,3.509,0.0,direction_set_3,3.0,2+4+5,57.0
実在,左投,,0,,0.0,0.0,direction_set_3,3.0,3+4+5,57.0
Phase 4前,全体,,749,,6.502,0.091,direction_set_2,2.0,1+2,11519.0
Phase 4前,全体,,4215,,36.592,1.32,direction_set_2,2.0,1+3,11519.0
Phase 4前,全体,,1779,,15.444,0.609,direction_set_2,2.0,1+4,11519.0
Phase 4前,全体,,216,,1.875,0.323,direction_set_2,2.0,1+5,11519.0
Phase 4前,全体,,2343,,20.34,1.089,direction_set_2,2.0,2+3,11519.0
Phase 4前,全体,,1067,,9.263,0.627,direction_set_2,2.0,2+4,11519.0
Phase 4前,全体,,163,,1.415,0.316,direction_set_2,2.0,2+5,11519.0
Phase 4前,全体,,754,,6.546,1.051,direction_set_2,2.0,3+4,11519.0
Phase 4前,全体,,101,,0.877,0.328,direction_set_2,2.0,3+5,11519.0
Phase 4前,全体,,132,,1.146,1.146,direction_set_2,2.0,4+5,11519.0
Phase 4前,全体,,7099,,39.016,0.218,direction_set_3,3.0,1+2+3,18195.0
Phase 4前,全体,,4743,,26.068,0.726,direction_set_3,3.0,1+2+4,18195.0
Phase 4前,全体,,939,,5.161,0.102,direction_set_3,3.0,1+2+5,18195.0
Phase 4前,全体,,2207,,12.13,0.31,direction_set_3,3.0,1+3+4,18195.0
Phase 4前,全体,,790,,4.342,0.036,direction_set_3,3.0,1+3+5,18195.0
Phase 4前,全体,,349,,1.918,0.004,direction_set_3,3.0,1+4+5,18195.0
Phase 4前,全体,,1066,,5.859,0.596,direction_set_3,3.0,2+3+4,18195.0
Phase 4前,全体,,376,,2.067,0.325,direction_set_3,3.0,2+3+5,18195.0
Phase 4前,全体,,475,,2.611,0.219,direction_set_3,3.0,2+4+5,18195.0
Phase 4前,全体,,151,,0.83,0.83,direction_set_3,3.0,3+4+5,18195.0
Phase 4前,右投,,464,,5.865,0.169,direction_set_2,2.0,1+2,7912.0
Phase 4前,右投,,3040,,38.423,1.232,direction_set_2,2.0,1+3,7912.0
Phase 4前,右投,,1271,,16.064,0.547,direction_set_2,2.0,1+4,7912.0
Phase 4前,右投,,114,,1.441,0.283,direction_set_2,2.0,1+5,7912.0
Phase 4前,右投,,1664,,21.031,1.383,direction_set_2,2.0,2+3,7912.0
Phase 4前,右投,,521,,6.585,0.551,direction_set_2,2.0,2+4,7912.0
Phase 4前,右投,,67,,0.847,0.847,direction_set_2,2.0,2+5,7912.0
Phase 4前,右投,,647,,8.177,0.418,direction_set_2,2.0,3+4,7912.0
Phase 4前,右投,,52,,0.657,0.205,direction_set_2,2.0,3+5,7912.0
Phase 4前,右投,,72,,0.91,0.91,direction_set_2,2.0,4+5,7912.0
Phase 4前,右投,,5574,,45.163,1.548,direction_set_3,3.0,1+2+3,12342.0
Phase 4前,右投,,2701,,21.885,0.483,direction_set_3,3.0,1+2+4,12342.0
Phase 4前,右投,,521,,4.221,0.384,direction_set_3,3.0,1+2+5,12342.0
Phase 4前,右投,,1605,,13.004,0.154,direction_set_3,3.0,1+3+4,12342.0
Phase 4前,右投,,390,,3.16,0.129,direction_set_3,3.0,1+3+5,12342.0
Phase 4前,右投,,287,,2.325,0.351,direction_set_3,3.0,1+4+5,12342.0
Phase 4前,右投,,515,,4.173,0.884,direction_set_3,3.0,2+3+4,12342.0
Phase 4前,右投,,325,,2.633,0.001,direction_set_3,3.0,2+3+5,12342.0
Phase 4前,右投,,335,,2.714,0.74,direction_set_3,3.0,2+4+5,12342.0
Phase 4前,右投,,89,,0.721,0.721,direction_set_3,3.0,3+4+5,12342.0
Phase 4前,左投,,285,,7.901,0.325,direction_set_2,2.0,1+2,3607.0
Phase 4前,左投,,1175,,32.576,2.272,direction_set_2,2.0,1+3,3607.0
Phase 4前,左投,,508,,14.084,0.448,direction_set_2,2.0,1+4,3607.0
Phase 4前,左投,,102,,2.828,0.202,direction_set_2,2.0,1+5,3607.0
Phase 4前,左投,,679,,18.825,0.872,direction_set_2,2.0,2+3,3607.0
Phase 4前,左投,,546,,15.137,1.53,direction_set_2,2.0,2+4,3607.0
Phase 4前,左投,,96,,2.661,0.369,direction_set_2,2.0,2+5,3607.0
Phase 4前,左投,,107,,2.966,1.451,direction_set_2,2.0,3+4,3607.0
Phase 4前,左投,,49,,1.358,1.358,direction_set_2,2.0,3+5,3607.0
Phase 4前,左投,,60,,1.663,1.663,direction_set_2,2.0,4+5,3607.0
Phase 4前,左投,,1525,,26.055,6.757,direction_set_3,3.0,1+2+3,5853.0
Phase 4前,左投,,2042,,34.888,3.708,direction_set_3,3.0,1+2+4,5853.0
Phase 4前,左投,,418,,7.142,0.124,direction_set_3,3.0,1+2+5,5853.0
Phase 4前,左投,,602,,10.285,0.241,direction_set_3,3.0,1+3+4,5853.0
Phase 4前,左投,,400,,6.834,0.184,direction_set_3,3.0,1+3+5,5853.0
Phase 4前,左投,,62,,1.059,0.695,direction_set_3,3.0,1+4+5,5853.0
Phase 4前,左投,,551,,9.414,1.112,direction_set_3,3.0,2+3+4,5853.0
Phase 4前,左投,,51,,0.871,0.883,direction_set_3,3.0,2+3+5,5853.0
Phase 4前,左投,,140,,2.392,1.117,direction_set_3,3.0,2+4+5,5853.0
Phase 4前,左投,,62,,1.059,1.059,direction_set_3,3.0,3+4+5,5853.0
Phase 4後,全体,,998,,6.637,0.044,direction_set_2,2.0,1+2,15037.0
Phase 4後,全体,,5502,,36.59,1.322,direction_set_2,2.0,1+3,15037.0
Phase 4後,全体,,2321,,15.435,0.6,direction_set_2,2.0,1+4,15037.0
Phase 4後,全体,,290,,1.929,0.269,direction_set_2,2.0,1+5,15037.0
Phase 4後,全体,,3053,,20.303,1.126,direction_set_2,2.0,2+3,15037.0
Phase 4後,全体,,1371,,9.118,0.772,direction_set_2,2.0,2+4,15037.0
Phase 4後,全体,,212,,1.41,0.311,direction_set_2,2.0,2+5,15037.0
Phase 4後,全体,,978,,6.504,1.009,direction_set_2,2.0,3+4,15037.0
Phase 4後,全体,,146,,0.971,0.422,direction_set_2,2.0,3+5,15037.0
Phase 4後,全体,,166,,1.104,1.104,direction_set_2,2.0,4+5,15037.0
Phase 4後,全体,,5770,,39.313,0.079,direction_set_3,3.0,1+2+3,14677.0
Phase 4後,全体,,3799,,25.884,0.91,direction_set_3,3.0,1+2+4,14677.0
Phase 4後,全体,,722,,4.919,0.344,direction_set_3,3.0,1+2+5,14677.0
Phase 4後,全体,,1793,,12.216,0.224,direction_set_3,3.0,1+3+4,14677.0
Phase 4後,全体,,632,,4.306,0.0,direction_set_3,3.0,1+3+5,14677.0
Phase 4後,全体,,274,,1.867,0.047,direction_set_3,3.0,1+4+5,14677.0
Phase 4後,全体,,875,,5.962,0.699,direction_set_3,3.0,2+3+4,14677.0
Phase 4後,全体,,304,,2.071,0.321,direction_set_3,3.0,2+3+5,14677.0
Phase 4後,全体,,387,,2.637,0.245,direction_set_3,3.0,2+4+5,14677.0
Phase 4後,全体,,121,,0.824,0.824,direction_set_3,3.0,3+4+5,14677.0
Phase 4後,右投,,621,,6.019,0.015,direction_set_2,2.0,1+2,10317.0
Phase 4後,右投,,3978,,38.558,1.097,direction_set_2,2.0,1+3,10317.0
Phase 4後,右投,,1642,,15.915,0.398,direction_set_2,2.0,1+4,10317.0
Phase 4後,右投,,155,,1.502,0.222,direction_set_2,2.0,1+5,10317.0
Phase 4後,右投,,2165,,20.985,1.429,direction_set_2,2.0,2+3,10317.0
Phase 4後,右投,,652,,6.32,0.286,direction_set_2,2.0,2+4,10317.0
Phase 4後,右投,,88,,0.853,0.853,direction_set_2,2.0,2+5,10317.0
Phase 4後,右投,,850,,8.239,0.48,direction_set_2,2.0,3+4,10317.0
Phase 4後,右投,,74,,0.717,0.145,direction_set_2,2.0,3+5,10317.0
Phase 4後,右投,,92,,0.892,0.892,direction_set_2,2.0,4+5,10317.0
Phase 4後,右投,,4531,,45.597,1.114,direction_set_3,3.0,1+2+3,9937.0
Phase 4後,右投,,2146,,21.596,0.772,direction_set_3,3.0,1+2+4,9937.0
Phase 4後,右投,,396,,3.985,0.62,direction_set_3,3.0,1+2+5,9937.0
Phase 4後,右投,,1292,,13.002,0.156,direction_set_3,3.0,1+3+4,9937.0
Phase 4後,右投,,318,,3.2,0.089,direction_set_3,3.0,1+3+5,9937.0
Phase 4後,右投,,229,,2.305,0.331,direction_set_3,3.0,1+4+5,9937.0
Phase 4後,右投,,419,,4.217,0.928,direction_set_3,3.0,2+3+4,9937.0
Phase 4後,右投,,262,,2.637,0.005,direction_set_3,3.0,2+3+5,9937.0
Phase 4後,右投,,273,,2.747,0.773,direction_set_3,3.0,2+4+5,9937.0
Phase 4後,右投,,71,,0.715,0.715,direction_set_3,3.0,3+4+5,9937.0
Phase 4後,左投,,377,,7.987,0.411,direction_set_2,2.0,1+2,4720.0
Phase 4後,左投,,1524,,32.288,2.56,direction_set_2,2.0,1+3,4720.0
Phase 4後,左投,,679,,14.386,0.75,direction_set_2,2.0,1+4,4720.0
Phase 4後,左投,,135,,2.86,0.17,direction_set_2,2.0,1+5,4720.0
Phase 4後,左投,,888,,18.814,0.883,direction_set_2,2.0,2+3,4720.0
Phase 4後,左投,,719,,15.233,1.434,direction_set_2,2.0,2+4,4720.0
Phase 4後,左投,,124,,2.627,0.403,direction_set_2,2.0,2+5,4720.0
Phase 4後,左投,,128,,2.712,1.197,direction_set_2,2.0,3+4,4720.0
Phase 4後,左投,,72,,1.525,1.525,direction_set_2,2.0,3+5,4720.0
Phase 4後,左投,,74,,1.568,1.568,direction_set_2,2.0,4+5,4720.0
Phase 4後,左投,,1239,,26.139,6.841,direction_set_3,3.0,1+2+3,4740.0
Phase 4後,左投,,1653,,34.873,3.723,direction_set_3,3.0,1+2+4,4740.0
Phase 4後,左投,,326,,6.878,0.14,direction_set_3,3.0,1+2+5,4740.0
Phase 4後,左投,,501,,10.57,0.044,direction_set_3,3.0,1+3+4,4740.0
Phase 4後,左投,,314,,6.624,0.394,direction_set_3,3.0,1+3+5,4740.0
Phase 4後,左投,,45,,0.949,0.805,direction_set_3,3.0,1+4+5,4740.0
Phase 4後,左投,,456,,9.62,0.906,direction_set_3,3.0,2+3+4,4740.0
Phase 4後,左投,,42,,0.886,0.868,direction_set_3,3.0,2+3+5,4740.0
Phase 4後,左投,,114,,2.405,1.104,direction_set_3,3.0,2+4+5,4740.0
Phase 4後,左投,,50,,1.055,1.055,direction_set_3,3.0,3+4+5,4740.0
