metric,実在,Phase 4前,Phase 4後,after_minus_before
第一球種総変化量,6.46766,6.5386,6.46733,-0.07127
均等配分率%,36.58367,41.555,42.98083,1.42583
平均最大変化量,3.58706,3.5062,3.56487,0.05867
movement_1_rate_pct,22.682,24.067,22.132,-1.935
movement_2_rate_pct,26.529,28.301,26.375,-1.926
movement_3_rate_pct,30.572,28.414,29.599,1.185
movement_4_rate_pct,14.201,14.064,16.492,2.428
movement_5_rate_pct,3.945,4.052,4.222,0.17
movement_6_rate_pct,2.071,1.101,1.18,0.079
hard_bounds外件数,,,0.0,
第二球種movement_1_rate_pct,39.726,39.043,38.631,-0.412
第二球種movement_2_rate_pct,30.137,33.858,32.674,-1.184
第二球種movement_3_rate_pct,27.397,24.753,25.886,1.133
第二球種movement_4_rate_pct,2.74,2.346,2.81,0.464
