pitch_name,Phase 4前_rate_pct,Phase 4後_rate_pct,after_minus_before_pt
スラーブ,18.707,17.43,-1.277
SFF,23.663,24.75,1.087
カーブ,16.64,15.58,-1.06
フォーク,22.26,23.233,0.973
サークルチェンジ,19.037,18.17,-0.867
シンキングツーシーム,7.427,6.643,-0.784
ドロップカーブ,10.963,10.187,-0.776
カットボール,34.0,33.283,-0.717
スローカーブ,7.857,7.277,-0.58
Hシュート,4.343,3.793,-0.55
Vスライダー,13.88,14.4,0.52
シンキングスプリット,12.95,12.447,-0.503
スライダー,31.373,30.91,-0.463
ナックルカーブ,7.793,7.353,-0.44
チェンジアップ,8.223,8.637,0.414
Hシンカー,5.977,5.707,-0.27
シュート,0.91,0.81,-0.1
Hスライダー,16.233,16.15,-0.083
スクリュー,1.313,1.233,-0.08
シンカー,1.673,1.6,-0.073
パーム,1.003,1.073,0.07
ファストチェンジ,2.84,2.79,-0.05
パワーカーブ,3.3,3.27,-0.03
ナックル,0.233,0.21,-0.023
Dスライダー,0.757,0.737,-0.02
