pitch_name,final_rate_pct,real_rate_pct,final_minus_real_pt,phase4_change_pt
Hシンカー,5.707,8.458,-2.751,-0.27
サークルチェンジ,18.17,16.169,2.001,-0.867
シンキングスプリット,12.447,10.945,1.502,-0.503
カーブ,15.58,16.418,-0.838,-1.06
スラーブ,17.43,18.159,-0.729,-1.277
スライダー,30.91,31.592,-0.682,-0.463
フォーク,23.233,23.881,-0.648,0.973
SFF,24.75,25.373,-0.623,1.087
シンカー,1.6,1.244,0.356,-0.073
ファストチェンジ,2.79,2.488,0.302,-0.05
カットボール,33.283,33.582,-0.299,-0.717
Vスライダー,14.4,14.677,-0.277,0.52
ドロップカーブ,10.187,10.448,-0.261,-0.776
ナックル,0.21,0.0,0.21,-0.023
スローカーブ,7.277,7.463,-0.186,-0.58
チェンジアップ,8.637,8.458,0.179,0.414
ナックルカーブ,7.353,7.463,-0.11,-0.44
パーム,1.073,0.995,0.078,0.07
シンキングツーシーム,6.643,6.716,-0.073,-0.784
シュート,0.81,0.746,0.064,-0.1
Hシュート,3.793,3.731,0.062,-0.55
パワーカーブ,3.27,3.234,0.036,-0.03
Hスライダー,16.15,16.169,-0.019,-0.083
スクリュー,1.233,1.244,-0.011,-0.08
Dスライダー,0.737,0.746,-0.009,-0.02
