metric,value,protected_rate_pct,final_rate_pct,absolute_change_pt
age,18,1.46667,1.46667,0.0
age,19,2.1,2.1,0.0
age,20,3.63333,3.63333,0.0
age,21,3.93333,3.93333,0.0
age,22,3.5,3.5,0.0
age,23,7.23333,7.23333,0.0
age,24,8.5,8.5,0.0
age,25,8.86667,8.86667,0.0
age,26,7.86667,7.86667,0.0
age,27,8.4,8.4,0.0
age,28,8.26667,8.26667,0.0
age,29,7.13333,7.13333,0.0
age,30,6.4,6.4,0.0
age,31,5.03333,5.03333,0.0
age,32,4.13333,4.13333,0.0
age,33,3.23333,3.23333,0.0
age,34,2.4,2.4,0.0
age,35,2.63333,2.63333,0.0
age,36,1.66667,1.66667,0.0
age,37,1.36667,1.36667,0.0
age,38,0.76667,0.76667,0.0
age,39,0.53333,0.53333,0.0
age,40,0.2,0.2,0.0
age,41,0.2,0.2,0.0
age,42,0.1,0.1,0.0
age,43,0.06667,0.06667,0.0
age,44,0.06667,0.06667,0.0
age,45,0.16667,0.16667,0.0
age,46,0.13333,0.13333,0.0
growth_type,early,19.26667,19.26667,0.0
growth_type,late,22.23333,22.23333,0.0
growth_type,normal,43.5,43.5,0.0
growth_type,very_early,7.76667,7.76667,0.0
growth_type,very_late,7.23333,7.23333,0.0
player_class,スター級,3.26667,3.26667,0.0
player_class,ベテラン型,11.63333,11.63333,0.0
player_class,一軍主力級,23.3,23.3,0.0
player_class,一軍控え級,22.6,22.6,0.0
player_class,二軍級,26.13333,26.13333,0.0
player_class,若手素材型,13.06667,13.06667,0.0
archetype,スタミナ,10.36667,10.36667,0.0
archetype,制球,25.3,25.3,0.0
archetype,変化球,17.93333,17.93333,0.0
archetype,総合,28.53333,28.53333,0.0
archetype,速球,17.86667,17.86667,0.0
weakness_profile,,100.0,100.0,0.0
position,中継ぎ,41.33333,41.33333,0.0
position,先発,49.86667,49.86667,0.0
position,抑え,8.8,8.8,0.0
