dataset,age_band,sample,second_breaking_rate_pct,second_fastball_rate_pct,overlap_rate_pct,either_secondary_rate_pct,primary_only_rate_pct
実在,18～22歳,57,12.281,0.0,0.0,12.281,87.719
実在,23～26歳,130,21.538,3.077,0.0,24.615,75.385
実在,27～30歳,130,20.0,18.462,0.0,38.462,61.538
実在,31～34歳,57,17.544,24.561,0.0,42.105,57.895
実在,35歳以上,28,7.143,17.857,0.0,25.0,75.0
Phase 4前,18～22歳,4355,14.099,2.526,0.0,16.625,83.375
Phase 4前,23～26歳,9825,11.735,4.641,0.0,16.377,83.623
Phase 4前,27～30歳,8950,8.648,6.078,0.0,14.726,85.274
Phase 4前,31～34歳,4523,10.413,10.59,0.0,21.004,78.996
Phase 4前,35歳以上,2347,9.715,9.544,0.0,19.259,80.741
Phase 4後,18～22歳,4355,14.466,2.526,0.0,16.992,83.008
Phase 4後,23～26歳,9825,17.73,5.466,0.0,23.196,76.804
Phase 4後,27～30歳,8950,18.268,15.14,0.0,33.408,66.592
Phase 4後,31～34歳,4523,16.427,23.48,0.0,39.907,60.093
Phase 4後,35歳以上,2347,12.91,19.344,0.0,32.254,67.746
