role,target,real_n,positive_n,effect_type,simple_effect,age_effect,phase0_age_controlled_effect,age_controlled_effect,same_age_effect,same_age_n,consistency,implementation_candidate,reason
投手,nonrank_special_count,402,,count_partial_corr_and_adjusted_long_short,0.350165,0.388118,0.120276,0.088804,0.352722,212,2/3同方向（23～26:+0.71個; 27～30:+0.35個; 31～34:-0.46個）,False,Phase 0表示総数partial r=0.120に対し、非ランク再計算は0.089（非常に弱い）。同年齢帯の調整済みlong-short差は+0.35個で2/3同方向。全体個数へpro_yearsを追加する根拠として弱い。
投手,牽制○,402,56,binary_partial_corr_and_adjusted_rate_difference,0.209335,0.130792,0.151774,0.150506,10.321614,212,3/3同方向（23～26:+10.55pt; 27～30:+8.47pt; 31～34:+14.05pt）,True,保有56人、Phase 0 partial r=0.152、位置も統制した再計算=0.151。同年齢帯long-short差=+10.32pt、3/3同方向（23～26:+10.55pt; 27～30:+8.47pt; 31～34:+14.05pt）。Phase 4b候補条件を満たす。
投手,リリース○,402,123,binary_partial_corr_and_adjusted_rate_difference,0.117656,0.038471,0.042899,0.042831,-5.075298,212,3/3同方向（23～26:-4.38pt; 27～30:-2.56pt; 31～34:-12.43pt）,False,保有123人、Phase 0 partial r=0.043、位置も統制した再計算=0.043。同年齢帯long-short差=-5.08pt、3/3同方向（23～26:-4.38pt; 27～30:-2.56pt; 31～34:-12.43pt）。partial r=0.043で弱い、帯別方向が不安定。
投手,球持ち○,402,88,binary_partial_corr_and_adjusted_rate_difference,0.024682,0.034937,0.015988,0.014366,1.337334,212,1/3同方向（23～26:-2.64pt; 27～30:+11.27pt; 31～34:-12.28pt）,False,保有88人、Phase 0 partial r=0.016、位置も統制した再計算=0.014。同年齢帯long-short差=+1.34pt、1/3同方向（23～26:-2.64pt; 27～30:+11.27pt; 31～34:-12.28pt）。partial r=0.014で弱い、同年齢差+1.34pt、帯別方向が不安定。
投手,逃げ球,402,88,binary_partial_corr_and_adjusted_rate_difference,0.231452,0.125725,0.077936,0.081556,5.229229,212,1/3同方向（23～26:+15.13pt; 27～30:-1.22pt; 31～34:-2.68pt）,False,保有88人、Phase 0 partial r=0.078、位置も統制した再計算=0.082。同年齢帯long-short差=+5.23pt、1/3同方向（23～26:+15.13pt; 27～30:-1.22pt; 31～34:-2.68pt）。partial r=0.082で弱い、帯別方向が不安定、Phase 2年齢profile後に追加する根拠不足。
投手,打球反応○,402,33,binary_partial_corr_and_adjusted_rate_difference,0.279167,0.255787,0.128956,0.127141,0.812205,212,2/3同方向（23～26:-0.87pt; 27～30:+2.66pt; 31～34:+0.43pt）,False,保有33人、Phase 0 partial r=0.129、位置も統制した再計算=0.127。同年齢帯long-short差=+0.81pt、2/3同方向（23～26:-0.87pt; 27～30:+2.66pt; 31～34:+0.43pt）。保有33人で少標本、同年齢差+0.81pt。
野手,nonrank_special_count,389,,count_partial_corr_and_adjusted_long_short,0.415585,0.519953,0.092334,0.075252,0.398193,201,2/3同方向（23～26:+0.30個; 27～30:-0.06個; 31～34:+1.44個）,False,Phase 0表示総数partial r=0.092に対し、非ランク再計算は0.075（非常に弱い）。同年齢帯の調整済みlong-short差は+0.40個で2/3同方向。全体個数へpro_yearsを追加する根拠として弱い。
野手,選球眼,389,71,binary_partial_corr_and_adjusted_rate_difference,0.185351,0.205144,-0.044352,-0.027785,-7.426506,201,3/3同方向（23～26:-4.68pt; 27～30:-11.25pt; 31～34:-6.66pt）,False,保有71人、Phase 0 partial r=-0.044、位置も統制した再計算=-0.028。同年齢帯long-short差=-7.43pt、3/3同方向（23～26:-4.68pt; 27～30:-11.25pt; 31～34:-6.66pt）。partial r=-0.028で弱い、Phase 2年齢profile後に追加する根拠不足。
野手,バント○,389,53,binary_partial_corr_and_adjusted_rate_difference,0.257515,0.190226,0.120755,0.092223,3.952217,201,2/3同方向（23～26:+4.34pt; 27～30:-2.33pt; 31～34:+14.39pt）,False,保有53人、Phase 0 partial r=0.121、位置も統制した再計算=0.092。同年齢帯long-short差=+3.95pt、2/3同方向（23～26:+4.34pt; 27～30:-2.33pt; 31～34:+14.39pt）。partial r=0.092で弱い、Phase 2年齢profile後に追加する根拠不足。
野手,流し打ち,389,66,binary_partial_corr_and_adjusted_rate_difference,0.002038,-0.012149,-0.011513,-0.005881,-1.774205,201,2/3同方向（23～26:-2.88pt; 27～30:-6.39pt; 31～34:+9.00pt）,False,保有66人、Phase 0 partial r=-0.012、位置も統制した再計算=-0.006。同年齢帯long-short差=-1.77pt、2/3同方向（23～26:-2.88pt; 27～30:-6.39pt; 31～34:+9.00pt）。partial r=-0.006で弱い、同年齢差-1.77pt。
野手,粘り打ち,389,27,binary_partial_corr_and_adjusted_rate_difference,0.001628,-0.065106,0.024706,0.017798,-0.694208,201,2/3同方向（23～26:-1.10pt; 27～30:+2.76pt; 31～34:-6.01pt）,False,保有27人、Phase 0 partial r=0.025、位置も統制した再計算=0.018。同年齢帯long-short差=-0.69pt、2/3同方向（23～26:-1.10pt; 27～30:+2.76pt; 31～34:-6.01pt）。保有27人で少標本、partial r=0.018で弱い、同年齢差-0.69pt、帯別方向が不安定。
野手,守備職人,389,11,binary_partial_corr_and_adjusted_rate_difference,0.122421,0.050069,0.081913,0.080697,-1.162533,201,2/3同方向（23～26:-2.21pt; 27～30:-1.29pt; 31～34:+1.40pt）,False,保有11人、Phase 0 partial r=0.082、位置も統制した再計算=0.081。同年齢帯long-short差=-1.16pt、2/3同方向（23～26:-2.21pt; 27～30:-1.29pt; 31～34:+1.40pt）。保有11人で少標本、partial r=0.081で弱い、同年齢差-1.16pt、帯別方向が不安定。
