guard,role,item,before,after,change,compared,mismatches,status
phase1_count,投手,mean,4.0906,4.0906,0.0,,0,ok
phase1_count,投手,rate_5plus_pct,41.56,41.56,0.0,,0,ok
phase1_count,投手,rate_8plus_pct,9.92,9.92,0.0,,0,ok
phase1_count,投手,rate_10plus_pct,1.6400000000000001,1.6400000000000001,0.0,,0,ok
phase1_count,野手,mean,4.7652,4.7652,0.0,,0,ok
phase1_count,野手,rate_5plus_pct,49.44,49.44,0.0,,0,ok
phase1_count,野手,rate_8plus_pct,19.900000000000002,19.900000000000002,0.0,,0,ok
phase1_count,野手,rate_10plus_pct,6.9,6.9,0.0,,0,ok
phase2_individual,投手,変化球中心,7.380000000000001,7.380000000000001,0.0,5000,0,ok
phase2_individual,投手,逃げ球,18.94,18.94,0.0,5000,0,ok
phase2_individual,投手,キレ○,20.580000000000002,20.580000000000002,0.0,5000,0,ok
phase2_individual,野手,選球眼,8.42,8.42,0.0,5000,0,ok
phase2_individual,野手,積極守備,10.440000000000001,10.440000000000001,0.0,5000,0,ok
phase2_individual,野手,バント○,10.26,10.26,0.0,5000,0,ok
phase2_individual,野手,満塁男,15.18,15.18,0.0,5000,0,ok
phase2_individual,野手,三振,38.379999999999995,38.379999999999995,0.0,5000,0,ok
protected,全体,protected_fingerprint,,,,10000,0,ok
protected,全体,phase2_special_list,,,,10000,0,ok
constraints,全体,duplicate_special,,0,,10000,0,ok
constraints,全体,duplicate_group,,0,,10000,0,ok
constraints,全体,conflict,,0,,10000,0,ok
constraints,全体,position_or_aptitude,,0,,10000,0,ok
constraints,全体,hard_bounds,,0,,10000,0,ok
seed,全体,same_seed_reproducibility,,,,4,0,ok
