number,teams_used,use_rate,pitcher,catcher,infielder,outfielder,foreign,avg_age_2026
0,52,0.867,2,1,33,16,3,27.6
00,45,0.75,5,1,31,8,5,
1,38,0.633,5,0,9,24,0,28.7
2,57,0.95,5,29,22,1,5,27.5
3,43,0.717,0,1,29,13,4,30.6
4,47,0.783,0,4,31,12,8,28.6
5,54,0.9,0,4,43,7,1,28.5
6,42,0.7,0,0,36,6,4,28.9
7,54,0.9,3,0,22,29,2,32.2
8,52,0.867,0,0,22,30,2,31.1
9,49,0.817,0,2,19,28,3,31.3
10,41,0.683,3,14,22,2,5,29.4
11,45,0.75,45,0,0,0,3,28.8
12,52,0.867,33,9,1,9,4,29.2
13,57,0.95,41,0,10,6,9,27.6
14,46,0.767,45,0,0,1,1,31.8
15,39,0.65,39,0,0,0,2,26.0
16,47,0.783,47,0,0,0,0,30.3
17,53,0.883,52,1,0,0,0,28.2
18,49,0.817,49,0,0,0,0,27.1
19,57,0.95,54,3,0,0,0,30.4
20,55,0.917,55,0,0,0,2,28.3
21,46,0.767,41,0,5,0,0,28.2
22,49,0.817,27,17,1,4,5,32.6
23,44,0.733,11,4,17,12,8,28.2
24,52,0.867,27,5,15,5,3,28.7
25,52,0.867,11,0,20,21,7,29.3
26,52,0.867,43,2,5,2,4,26.2
27,57,0.95,17,29,3,8,2,32.6
28,54,0.9,50,0,0,4,3,26.9
29,58,0.967,52,4,2,0,12,29.0
30,59,0.983,34,7,10,8,4,26.1
31,57,0.95,20,5,17,15,5,24.3
32,59,0.983,8,25,13,13,1,25.9
33,56,0.933,17,8,21,10,4,26.3
34,52,0.867,41,0,9,2,1,27.0
35,60,1.0,37,5,9,9,5,26.3
36,55,0.917,30,1,11,13,5,24.6
37,51,0.85,17,12,8,14,3,28.6
38,57,0.95,17,4,16,20,1,26.2
39,58,0.967,14,12,23,9,4,26.3
40,54,0.9,36,4,9,5,3,27.2
41,59,0.983,55,0,0,4,5,27.7
42,58,0.967,37,0,5,16,44,27.7
43,58,0.967,33,7,12,6,0,26.2
44,60,1.0,9,11,24,16,4,26.2
45,60,1.0,38,10,11,1,11,27.3
46,59,0.983,47,0,8,4,1,24.5
47,56,0.933,56,0,0,0,0,25.6
48,58,0.967,46,1,11,0,8,27.9
49,56,0.933,37,3,11,5,12,26.3
50,58,0.967,18,7,9,24,4,26.0
51,52,0.867,8,0,13,31,0,26.5
52,56,0.933,31,1,15,9,7,26.5
53,57,0.95,36,5,3,13,1,25.9
54,57,0.95,42,0,11,4,15,25.3
55,51,0.85,7,10,17,17,5,24.8
56,56,0.933,35,0,17,4,0,24.5
57,59,0.983,26,24,5,4,0,26.2
58,60,1.0,34,5,9,12,4,26.4
59,55,0.917,32,5,5,13,4,26.2
60,58,0.967,14,6,25,13,3,25.9
61,57,0.95,18,0,10,29,3,26.2
62,54,0.9,29,15,10,0,6,25.4
63,58,0.967,23,0,16,19,5,26.7
64,56,0.933,32,16,3,5,0,24.9
65,55,0.917,25,21,7,2,3,24.5
66,60,1.0,31,3,16,10,6,28.1
67,58,0.967,24,5,25,4,0,23.3
68,55,0.917,29,7,11,8,5,26.1
69,44,0.733,31,3,7,3,6,25.2
70,22,0.367,17,5,0,0,1,25.0
71,12,0.2,10,0,2,0,0,25.7
72,7,0.117,4,1,1,1,1,19.0
73,8,0.133,1,0,2,5,2,27.7
74,1,0.017,1,0,0,0,0,34.0
75,6,0.1,2,0,2,2,2,21.0
76,0,0.0,0,0,0,0,0,
77,2,0.033,0,0,0,2,0,27.0
78,8,0.133,0,3,2,3,1,22.0
79,8,0.133,3,3,0,2,1,18.0
80,0,0.0,0,0,0,0,0,
81,0,0.0,0,0,0,0,0,
82,2,0.033,1,0,1,0,1,
83,0,0.0,0,0,0,0,0,
84,0,0.0,0,0,0,0,0,
85,3,0.05,2,1,0,0,1,23.0
86,0,0.0,0,0,0,0,0,
87,0,0.0,0,0,0,0,0,
88,0,0.0,0,0,0,0,0,
89,1,0.017,1,0,0,0,1,
90,11,0.183,9,2,0,0,0,26.5
91,16,0.267,15,0,1,0,6,25.0
92,20,0.333,19,0,1,0,0,28.5
93,23,0.383,19,2,2,0,5,25.3
94,20,0.333,6,4,9,1,4,24.5
95,29,0.483,12,7,9,1,9,26.5
96,20,0.333,13,0,1,6,4,24.0
97,20,0.333,9,0,4,7,2,26.0
98,23,0.383,16,3,3,1,8,27.6
99,48,0.8,14,2,22,10,23,29.2
